"","X","cigID","il","ol","il1","ol1","admin.decision","strat.decision","technical.information","pol.impact.information","regulatory","distributive","rev.doors","grouptype","staff","q39_01","q39_02"
"1",1,"EU0001",3.33333333333333,2.14285714285714,2.33333333333333,1.14285714285714,NA,0,4,3,3,3,1,"Trade Association",66,NA,NA
"2",2,"EU0002",1.66666666666667,2.57142857142857,0.666666666666667,1.57142857142857,1,1,3,NA,3,1,0,"Business Association",4,NA,NA
"3",3,"EU0003",1.66666666666667,1.57142857142857,0.666666666666667,0.571428571428571,NA,NA,4,3,3,3,NA,"Trade Association",15,50,50
"4",4,"EU0004",3.16666666666667,3,2.16666666666667,2,0,0,4,4,3,3,1,"Business Association",120,50,50
"5",5,"EU0005",NA,NA,NA,NA,NA,NA,NA,NA,NA,NA,NA,"Business Association",NA,NA,NA
"6",6,"EU0006",3.33333333333333,NA,2.33333333333333,NA,NA,1,NA,NA,1,3,0,"Business Association",27,NA,NA
"7",7,"EU0007",2.5,2.14285714285714,1.5,1.14285714285714,1,0,3,3,3,3,0,"Business Association",3,50,50
"8",8,"EU0008",NA,NA,NA,NA,0.8,0,NA,NA,NA,NA,NA,"Business Association",NA,NA,NA
"9",9,"EU0009",2.16666666666667,3,1.16666666666667,2,1,0,1,3,3,1,0,"Citizen Group",13508,70,30
"10",10,"EU0010",2.33333333333333,2.57142857142857,1.33333333333333,1.57142857142857,0.8,0,3,2,3,3,0,"Business Association",9,50,50
"11",11,"EU0011",3.5,3.14285714285714,2.5,2.14285714285714,1,0,NA,4,3,3,0,"Citizen Group",40,50,50
"12",12,"EU0012",NA,NA,NA,NA,NA,NA,NA,NA,3,3,1,"Citizen Group",5,NA,NA
"13",13,"EU0013",2.83333333333333,3.71428571428571,1.83333333333333,2.71428571428571,NA,1,4,4,3,3,1,"Business Association",28,50,50
"14",14,"EU0014",NA,NA,NA,NA,NA,NA,NA,NA,NA,NA,NA,"Rest",NA,NA,NA
"15",15,"EU0015",4.33333333333333,4,3.33333333333333,3,1,NA,4,3,3,3,1,"Business Association",22,60,40
"16",16,"EU0016",4.33333333333333,3.42857142857143,3.33333333333333,2.42857142857143,0.6,NA,2,4,3,3,1,"Citizen Group",15,40,60
"17",17,"EU0017",2.33333333333333,1.28571428571429,1.33333333333333,0.285714285714286,0.6,0,3,1,2,3,0,"Citizen Group",13,95,5
"18",18,"EU0018",NA,NA,NA,NA,NA,0.5,NA,NA,NA,NA,NA,"Citizen Group",NA,NA,NA
"19",19,"EU0019",3.33333333333333,NA,2.33333333333333,NA,0.6,0,NA,NA,3,2,1,"Business Association",7,NA,NA
"20",20,"EU0020",3.5,4,2.5,3,NA,NA,3,3,1,1,NA,"Business Association",NA,30,70
"21",21,"EU0021",3.83333333333333,3.85714285714286,2.83333333333333,2.85714285714286,NA,1,4,3,2,2,1,"Business Association",500,50,50
"22",22,"EU0022",NA,NA,NA,NA,NA,NA,NA,NA,NA,NA,NA,"Business Association",NA,NA,NA
"23",23,"EU0023",2.16666666666667,2,1.16666666666667,1,0.8,0.5,4,2,3,1,1,"Business Association",6,60,40
"24",24,"EU0024",1.5,1.57142857142857,0.5,0.571428571428571,0.8,1,3,NA,2,3,NA,"Trade Association",5,100,0
"25",25,"EU0025",NA,NA,NA,NA,0.8,0,NA,NA,NA,NA,NA,"Citizen Group",NA,NA,NA
"26",26,"EU0026",NA,NA,NA,NA,NA,NA,NA,NA,NA,NA,NA,"Citizen Group",NA,NA,NA
"27",27,"EU0027",NA,NA,NA,NA,NA,NA,NA,NA,NA,NA,NA,"Business Association",NA,NA,NA
"28",28,"EU0028",1.5,1.28571428571429,0.5,0.285714285714286,0.4,0,3,NA,3,3,1,"Trade Association",8,20,80
"29",29,"EU0029",2.5,3.42857142857143,1.5,2.42857142857143,0.6,0,3,2,3,3,1,"Business Association",6,60,40
"30",30,"EU0030",1,1,0,0,1,0.5,4,2,3,3,0,"Business Association",2,20,80
"31",31,"EU0031",NA,NA,NA,NA,0,0,NA,NA,NA,NA,NA,"Trade Association",NA,NA,NA
"32",32,"EU0032",1.83333333333333,2.28571428571429,0.833333333333333,1.28571428571429,1,0,2,4,3,2,0,"Trade Association",5,35,65
"33",33,"EU0033",NA,NA,NA,NA,0,0,NA,NA,3,3,1,"Business Association",3,NA,NA
"34",34,"EU0034",NA,NA,NA,NA,0.8,0,NA,NA,3,3,NA,"Rest",NA,NA,NA
"35",35,"EU0035",2.66666666666667,2.85714285714286,1.66666666666667,1.85714285714286,NA,0,3,3,3,3,0,"Rest",10,65,35
"36",36,"EU0036",NA,NA,NA,NA,NA,NA,NA,NA,NA,NA,NA,"Business Association",NA,NA,NA
"37",37,"EU0037",NA,NA,NA,NA,NA,NA,NA,NA,NA,NA,NA,"Trade Association",NA,NA,NA
"38",38,"EU0038",NA,NA,NA,NA,NA,NA,NA,NA,NA,NA,NA,"Business Association",NA,NA,NA
"39",39,"EU0039",NA,NA,NA,NA,NA,NA,NA,NA,NA,NA,NA,"Business Association",NA,NA,NA
"40",40,"EU0040",NA,NA,NA,NA,NA,NA,NA,NA,NA,NA,NA,"Citizen Group",NA,NA,NA
"41",41,"EU0041",3,2.85714285714286,2,1.85714285714286,0.2,0,4,3,3,3,1,"Business Association",20,80,20
"42",42,"EU0042",1.16666666666667,1.14285714285714,0.166666666666667,0.142857142857143,NA,NA,4,4,3,3,0,"Citizen Group",8,90,10
"43",43,"EU0043",NA,NA,NA,NA,NA,NA,NA,NA,NA,NA,NA,"Business Association",NA,NA,NA
"44",44,"EU0044",2.83333333333333,2.85714285714286,1.83333333333333,1.85714285714286,0.6,NA,4,1,3,3,1,"Rest",6,65,35
"45",45,"EU0045",1.5,1.42857142857143,0.5,0.428571428571429,NA,1,3,3,3,3,NA,"Rest",0,100,0
"46",46,"EU0046",1.83333333333333,1.85714285714286,0.833333333333333,0.857142857142857,NA,0,4,4,3,2,0,"Citizen Group",12,70,30
"47",47,"EU0047",3,2.71428571428571,2,1.71428571428571,0.8,0.5,2,4,3,3,0,"Citizen Group",3,30,70
"48",48,"EU0048",NA,NA,NA,NA,NA,NA,NA,NA,NA,NA,NA,"Business Association",NA,NA,NA
"49",49,"EU0049",1.5,2.14285714285714,0.5,1.14285714285714,0.8,0,4,2,3,1,1,"Rest",6,50,50
"50",50,"EU0050",1.66666666666667,1.71428571428571,0.666666666666667,0.714285714285714,NA,0,3,1,3,3,0,"Trade Association",46,70,30
"51",51,"EU0051",NA,NA,NA,NA,NA,0,NA,NA,2,2,1,"Business Association",12,NA,NA
"52",52,"EU0052",NA,NA,NA,NA,1,1,NA,NA,3,3,NA,"Rest",NA,NA,NA
"53",53,"EU0053",3.83333333333333,3,2.83333333333333,2,0.8,0.5,4,3,3,3,0,"Business Association",25,90,10
"54",54,"EU0054",NA,NA,NA,NA,0,0,NA,NA,3,2,NA,"Rest",1,NA,NA
"55",55,"EU0055",1.5,2.14285714285714,0.5,1.14285714285714,0.6,0,4,4,3,3,NA,"Citizen Group",NA,30,70
"56",56,"EU0056",1,1.14285714285714,0,0.142857142857143,0.8,0.5,3,2,3,2,0,"Rest",3,35,65
"57",57,"EU0057",NA,NA,NA,NA,1,NA,NA,NA,NA,NA,NA,"Rest",NA,NA,NA
"58",58,"EU0058",2.5,1.85714285714286,1.5,0.857142857142857,0.8,0,4,4,2,2,1,"Trade Association",9,60,40
"59",59,"EU0059",1.5,1.28571428571429,0.5,0.285714285714286,NA,1,3,4,3,3,1,"Rest",2,50,50
"60",60,"EU0060",NA,NA,NA,NA,1,0,NA,NA,3,1,0,"Rest",6,NA,NA
"61",61,"EU0061",NA,NA,NA,NA,0.8,0,NA,NA,3,3,1,"Trade Association",5,NA,NA
"62",62,"EU0062",2.33333333333333,1.57142857142857,1.33333333333333,0.571428571428571,NA,0,2,NA,3,3,0,"Citizen Group",12,60,40
"63",63,"EU0063",4.5,3.57142857142857,3.5,2.57142857142857,0,0,4,4,3,3,1,"Citizen Group",5,60,40
"64",64,"EU0064",3.33333333333333,NA,2.33333333333333,NA,0.6,0.5,3,3,3,3,1,"Rest",1,50,50
"65",65,"EU0065",NA,NA,NA,NA,NA,NA,NA,NA,NA,NA,NA,"Citizen Group",NA,NA,NA
"66",66,"EU0066",4,1.85714285714286,3,0.857142857142857,1,1,4,4,3,2,NA,"Business Association",4,80,20
"67",67,"EU0067",1,1,0,0,NA,NA,NA,NA,2,1,0,"Citizen Group",12,50,50
"68",68,"EU0068",2.66666666666667,2.57142857142857,1.66666666666667,1.57142857142857,0.4,0,3,3,3,3,1,"Business Association",6,70,30
"69",69,"EU0069",NA,NA,NA,NA,NA,NA,NA,NA,3,1,1,"Business Association",9,NA,NA
"70",70,"EU0070",1.16666666666667,1.85714285714286,0.166666666666667,0.857142857142857,0,0,4,3,3,3,0,"Business Association",3,30,70
"71",71,"EU0071",2.83333333333333,2.14285714285714,1.83333333333333,1.14285714285714,0.6,0,4,3,1,3,1,"Business Association",16,40,60
"72",72,"EU0072",NA,NA,NA,NA,NA,1,NA,NA,3,3,1,"Rest",3,NA,NA
"73",73,"EU0073",NA,NA,NA,NA,1,1,NA,NA,3,2,NA,"Business Association",NA,NA,NA
"74",74,"EU0074",1.5,1.42857142857143,0.5,0.428571428571429,NA,0,4,4,3,3,0,"Trade Association",159,50,50
"75",75,"EU0075",2,1.57142857142857,1,0.571428571428571,1,1,4,2,3,1,NA,"Business Association",1,50,50
"76",76,"EU0076",4,3.57142857142857,3,2.57142857142857,0.6,1,2,3,3,3,1,"Citizen Group",20,50,50
"77",77,"EU0077",NA,NA,NA,NA,0.8,0.5,NA,NA,3,3,0,"Citizen Group",18,NA,NA
"78",78,"EU0078",NA,NA,NA,NA,NA,NA,NA,NA,1,1,NA,"Business Association",NA,NA,NA
"79",79,"EU0079",2,2.57142857142857,1,1.57142857142857,1,0,2,1,2,3,0,"Rest",4,40,60
"80",80,"EU0080",3.83333333333333,3.14285714285714,2.83333333333333,2.14285714285714,0.8,0,4,4,3,3,0,"Business Association",63,70,30
"81",81,"EU0081",4.5,2.57142857142857,3.5,1.57142857142857,1,1,4,3,3,3,1,"Business Association",10,85,15
"82",82,"EU0082",4.33333333333333,3.71428571428571,3.33333333333333,2.71428571428571,NA,0.5,1,4,3,3,1,"Citizen Group",34,80,20
"83",83,"EU0083",2.66666666666667,3,1.66666666666667,2,0,0,4,4,3,3,1,"Citizen Group",34,60,40
"84",84,"EU0084",3,2.71428571428571,2,1.71428571428571,NA,NA,4,NA,3,1,0,"Citizen Group",14,40,60
"85",85,"EU0085",NA,NA,NA,NA,0.2,0,NA,NA,NA,NA,NA,"Trade Association",NA,NA,NA
"86",86,"EU0086",2.83333333333333,2.57142857142857,1.83333333333333,1.57142857142857,1,1,4,NA,3,3,0,"Business Association",7,70,30
"87",87,"EU0087",NA,NA,NA,NA,1,0,NA,NA,NA,NA,NA,"Business Association",NA,NA,NA
"88",88,"EU0088",1.66666666666667,3,0.666666666666667,2,NA,0.5,4,3,3,1,0,"Business Association",7,40,60
"89",89,"EU0089",2.83333333333333,2.28571428571429,1.83333333333333,1.28571428571429,1,0,3,3,3,2,NA,"Trade Association",5,50,50
"90",90,"EU0090",2,2,1,1,1,0.5,4,3,2,3,1,"Trade Association",7,50,50
"91",91,"EU0091",NA,NA,NA,NA,0.6,0,NA,NA,3,3,0,"Citizen Group",10,NA,NA
"92",92,"EU0092",1,1.57142857142857,0,0.571428571428571,0.2,0,2,1,1,3,0,"Trade Association",26,50,50
"93",93,"EU0093",3.83333333333333,2.14285714285714,2.83333333333333,1.14285714285714,1,0.5,NA,NA,3,1,0,"Business Association",7,90,10
"94",94,"EU0094",2.83333333333333,2,1.83333333333333,1,0.6,0,3,3,3,3,0,"Citizen Group",8,85,15
"95",95,"EU0095",3.16666666666667,2.71428571428571,2.16666666666667,1.71428571428571,0.6,0,4,4,3,3,NA,"Business Association",NA,NA,NA
"96",96,"EU0096",2.66666666666667,2.85714285714286,1.66666666666667,1.85714285714286,NA,NA,3,4,3,2,0,"Business Association",13,80,20
"97",97,"EU0097",2.83333333333333,2,1.83333333333333,1,0.6,0,4,2,3,1,1,"Business Association",71,50,50
"98",98,"EU0098",NA,NA,NA,NA,NA,NA,NA,NA,NA,NA,NA,"Business Association",NA,NA,NA
"99",99,"EU0099",NA,NA,NA,NA,0.6,0,NA,NA,NA,NA,NA,"Business Association",NA,NA,NA
"100",100,"EU0100",1.66666666666667,1.85714285714286,0.666666666666667,0.857142857142857,0.2,0.5,4,1,1,3,1,"Business Association",4,70,30
"101",101,"EU0101",NA,NA,NA,NA,0,0,NA,NA,3,3,1,"Rest",10,NA,NA
"102",102,"EU0102",NA,NA,NA,NA,0,NA,NA,NA,NA,NA,NA,"Business Association",NA,NA,NA
"103",103,"EU0103",2.66666666666667,2.57142857142857,1.66666666666667,1.57142857142857,NA,0,NA,4,3,3,1,"Citizen Group",20,20,80
"104",104,"EU0104",2.83333333333333,1.85714285714286,1.83333333333333,0.857142857142857,NA,0,4,2,3,1,1,"Rest",7,90,10
"105",105,"EU0105",3,1.85714285714286,2,0.857142857142857,1,0,2,4,3,3,1,"Rest",6,50,50
"106",106,"EU0106",1.83333333333333,2,0.833333333333333,1,1,NA,4,3,3,1,0,"Trade Association",2,90,10
"107",107,"EU0107",NA,NA,NA,NA,NA,NA,NA,NA,NA,NA,NA,"Business Association",NA,NA,NA
"108",108,"EU0108",3.16666666666667,3.57142857142857,2.16666666666667,2.57142857142857,NA,NA,3,4,3,3,0,"Citizen Group",39,75,25
"109",109,"EU0109",3.66666666666667,2,2.66666666666667,1,NA,1,4,4,3,3,0,"Rest",2,50,50
"110",110,"EU0110",2.16666666666667,2.71428571428571,1.16666666666667,1.71428571428571,NA,0,4,NA,3,3,1,"Business Association",5,50,50
"111",111,"EU0111",2.33333333333333,1.85714285714286,1.33333333333333,0.857142857142857,NA,0,4,3,2,3,1,"Business Association",2,80,20
"112",112,"EU0112",2.16666666666667,2.14285714285714,1.16666666666667,1.14285714285714,0.6,0,NA,NA,3,3,1,"Citizen Group",77,10,90
"113",113,"EU0113",4.66666666666667,3.85714285714286,3.66666666666667,2.85714285714286,1,0.5,4,3,3,3,1,"Citizen Group",32,70,30
"114",114,"EU0114",1.66666666666667,2.28571428571429,0.666666666666667,1.28571428571429,NA,NA,NA,NA,3,3,NA,"Rest",9,5,95
"115",115,"EU0115",3.33333333333333,2.42857142857143,2.33333333333333,1.42857142857143,NA,1,3,3,3,3,1,"Rest",5,92,8
"116",116,"EU0116",NA,NA,NA,NA,NA,0.5,NA,NA,3,2,0,"Trade Association",35,NA,NA
"117",117,"EU0117",2.5,2.28571428571429,1.5,1.28571428571429,1,0.5,3,3,3,2,1,"Trade Association",9,50,50
"118",118,"EU0118",NA,NA,NA,NA,NA,NA,NA,NA,NA,NA,NA,"Business Association",NA,NA,NA
"119",119,"EU0119",2.33333333333333,1.71428571428571,1.33333333333333,0.714285714285714,NA,0,NA,3,3,3,1,"Rest",200,60,40
"120",120,"EU0120",3.83333333333333,3.14285714285714,2.83333333333333,2.14285714285714,0,1,4,4,3,3,1,"Business Association",13,80,20
"121",121,"EU0121",2.66666666666667,3.28571428571429,1.66666666666667,2.28571428571429,NA,1,NA,NA,3,1,0,"Citizen Group",8,60,40
"122",122,"EU0122",3,3,2,2,0.6,0,4,4,3,3,0,"Trade Association",11,40,60
"123",123,"EU0123",2.16666666666667,2.28571428571429,1.16666666666667,1.28571428571429,0.8,0,3,3,2,3,0,"Citizen Group",2,50,50
"124",124,"EU0124",3,1.85714285714286,2,0.857142857142857,0.4,0.5,3,4,3,3,1,"Rest",6,50,50
"125",125,"EU0125",3.33333333333333,2.71428571428571,2.33333333333333,1.71428571428571,0,0,4,4,3,3,0,"Business Association",5,50,50
"126",126,"EU0126",NA,NA,NA,NA,NA,NA,NA,NA,NA,NA,NA,"Business Association",NA,NA,NA
"127",127,"EU0127",3.5,2.57142857142857,2.5,1.57142857142857,NA,0,4,3,3,3,0,"Citizen Group",350,20,80
"128",128,"EU0128",1.33333333333333,2.85714285714286,0.333333333333333,1.85714285714286,0.4,0,3,3,3,3,0,"Trade Association",10,5,95
"129",129,"EU0129",1.5,2.57142857142857,0.5,1.57142857142857,NA,NA,4,3,3,3,0,"Citizen Group",10,50,50
"130",130,"EU0130",NA,NA,NA,NA,NA,NA,NA,NA,1,1,NA,"Business Association",NA,NA,NA
"131",131,"EU0131",3,3,2,2,0,0,NA,3,3,3,1,"Citizen Group",18,75,25
"132",132,"EU0132",NA,NA,NA,NA,NA,NA,NA,NA,NA,NA,NA,"Citizen Group",NA,NA,NA
"133",133,"EU0133",2.5,2.57142857142857,1.5,1.57142857142857,0.4,0,3,3,3,3,0,"Business Association",4,80,20
"134",134,"EU0134",1.83333333333333,1.71428571428571,0.833333333333333,0.714285714285714,0.8,0,3,3,1,3,0,"Business Association",2,95,5
"135",135,"EU0135",2.83333333333333,3.57142857142857,1.83333333333333,2.57142857142857,0,0,NA,2,3,3,1,"Citizen Group",25,40,60
"136",136,"EU0136",1.16666666666667,2,0.166666666666667,1,0.8,0,3,2,2,1,0,"Business Association",5,50,50
"137",137,"EU0137",1.83333333333333,1.57142857142857,0.833333333333333,0.571428571428571,0.8,0,4,3,1,3,1,"Trade Association",10,70,30
"138",138,"EU0138",2.83333333333333,2.42857142857143,1.83333333333333,1.42857142857143,0.8,0,4,3,3,3,1,"Citizen Group",5,90,10
"139",139,"EU0139",NA,NA,NA,NA,NA,NA,NA,NA,NA,NA,NA,"Business Association",NA,NA,NA
"140",140,"EU0140",NA,NA,NA,NA,NA,NA,NA,NA,NA,NA,NA,"Citizen Group",NA,NA,NA
"141",141,"EU0141",1.66666666666667,2,0.666666666666667,1,NA,0,1,4,1,3,0,"Citizen Group",10,90,10
"142",142,"EU0142",1.5,1.57142857142857,0.5,0.571428571428571,0.6,1,3,2,3,1,0,"Business Association",4,20,80
"143",143,"EU0143",1.5,1.85714285714286,0.5,0.857142857142857,0.2,0,4,NA,3,3,0,"Business Association",33,20,80
"144",144,"EU0144",5,3.14285714285714,4,2.14285714285714,1,1,4,4,3,3,0,"Business Association",9,50,50
"145",145,"EU0145",2.5,3.14285714285714,1.5,2.14285714285714,NA,0,3,3,1,1,1,"Citizen Group",11,50,50
"146",146,"EU0146",4.5,3.42857142857143,3.5,2.42857142857143,NA,0,3,4,2,3,0,"Citizen Group",68,0,90
"147",147,"EU0147",NA,NA,NA,NA,0.8,0.5,NA,NA,3,3,0,"Business Association",2,NA,NA
"148",148,"EU0148",2.83333333333333,3.28571428571429,1.83333333333333,2.28571428571429,0.6,0.5,4,4,3,3,1,"Business Association",7,70,30
"149",149,"EU0149",1.66666666666667,1.85714285714286,0.666666666666667,0.857142857142857,1,1,4,4,3,3,0,"Business Association",2,50,50
"150",150,"EU0150",2.66666666666667,1.28571428571429,1.66666666666667,0.285714285714286,NA,0,4,4,3,3,0,"Business Association",5,90,10
"151",151,"EU0151",3.5,1.85714285714286,2.5,0.857142857142857,0.2,0,4,4,3,3,NA,"Trade Association",4,95,5
"152",152,"EU0152",2.5,2,1.5,1,NA,0.5,4,4,3,3,1,"Rest",6,50,50
"153",153,"EU0153",3.16666666666667,1.85714285714286,2.16666666666667,0.857142857142857,0.8,0,4,2,3,3,0,"Business Association",3,90,10
"154",154,"EU0154",3.66666666666667,3.85714285714286,2.66666666666667,2.85714285714286,0.6,0,3,2,3,3,0,"Business Association",70,75,25
"155",155,"EU0155",2,2.14285714285714,1,1.14285714285714,1,1,4,4,3,3,1,"Rest",25,70,30
"156",156,"EU0156",2.16666666666667,2.42857142857143,1.16666666666667,1.42857142857143,0.4,0,3,3,3,3,1,"Rest",11,NA,NA
"157",157,"EU0157",2.5,1.42857142857143,1.5,0.428571428571429,NA,0.5,3,2,3,3,0,"Trade Association",1,80,20
"158",158,"EU0158",NA,NA,NA,NA,NA,NA,NA,NA,NA,NA,NA,"Rest",NA,NA,NA
"159",159,"EU0159",3.83333333333333,2.57142857142857,2.83333333333333,1.57142857142857,1,1,4,4,3,3,0,"Trade Association",5,70,30
"160",160,"EU0160",3.66666666666667,3,2.66666666666667,2,1,1,3,4,3,3,0,"Rest",32,80,20
"161",161,"EU0161",NA,NA,NA,NA,NA,NA,NA,NA,NA,NA,NA,"Trade Association",NA,NA,NA
"162",162,"EU0162",NA,NA,NA,NA,NA,NA,NA,NA,1,3,NA,"Trade Association",NA,NA,NA
"163",163,"EU0163",3,3.42857142857143,2,2.42857142857143,1,0.5,3,3,3,3,0,"Trade Association",206,70,30
"164",164,"EU0164",1.83333333333333,1.85714285714286,0.833333333333333,0.857142857142857,NA,1,4,3,3,3,0,"Citizen Group",133,50,50
"165",165,"EU0165",NA,NA,NA,NA,0,0,NA,NA,3,3,1,"Rest",9,NA,NA
"166",166,"EU0166",1.66666666666667,1.71428571428571,0.666666666666667,0.714285714285714,1,0,2,3,3,2,0,"Business Association",6,50,50
"167",167,"EU0167",NA,NA,NA,NA,NA,NA,NA,NA,NA,NA,NA,"Business Association",NA,NA,NA
"168",168,"EU0168",1.5,1.14285714285714,0.5,0.142857142857143,1,0,NA,NA,2,3,NA,"Trade Association",6,30,70
"169",169,"EU0169",1.66666666666667,1.28571428571429,0.666666666666667,0.285714285714286,0.4,0,2,2,2,1,0,"Business Association",10,90,10
"170",170,"EU0170",NA,NA,NA,NA,NA,NA,NA,NA,3,1,0,"Trade Association",14,NA,NA
"171",171,"EU0171",2.66666666666667,2.42857142857143,1.66666666666667,1.42857142857143,1,0.5,4,3,3,3,1,"Trade Association",4,90,10
"172",172,"EU0172",2.66666666666667,2.85714285714286,1.66666666666667,1.85714285714286,NA,0,4,3,3,3,1,"Business Association",4,50,50
"173",173,"EU0173",1.83333333333333,3.14285714285714,0.833333333333333,2.14285714285714,NA,1,3,4,3,3,0,"Citizen Group",2,30,70
"174",174,"EU0174",3.16666666666667,2.71428571428571,2.16666666666667,1.71428571428571,0.8,0,3,1,3,3,1,"Citizen Group",14,50,50
"175",175,"EU0175",2.66666666666667,1.71428571428571,1.66666666666667,0.714285714285714,1,1,3,4,3,3,0,"Business Association",3,50,50
"176",176,"EU0176",NA,NA,NA,NA,NA,NA,NA,NA,NA,NA,NA,"Citizen Group",NA,NA,NA
"177",177,"EU0177",2.83333333333333,3.14285714285714,1.83333333333333,2.14285714285714,0.4,0,3,2,3,3,1,"Business Association",6,75,25
"178",178,"EU0178",3.5,2.28571428571429,2.5,1.28571428571429,1,0,4,2,3,3,0,"Business Association",2,90,10
"179",179,"EU0179",2.5,2.42857142857143,1.5,1.42857142857143,0.6,0,4,3,2,3,1,"Citizen Group",14,60,40
"180",180,"EU0180",NA,NA,NA,NA,1,1,NA,NA,3,3,0,"Business Association",13,NA,NA
"181",181,"EU0181",NA,NA,NA,NA,NA,NA,NA,NA,NA,NA,NA,"Citizen Group",NA,NA,NA
"182",182,"EU0182",NA,NA,NA,NA,NA,NA,NA,NA,NA,NA,NA,"Citizen Group",NA,NA,NA
"183",183,"EU0183",NA,NA,NA,NA,1,NA,NA,NA,3,3,1,"Business Association",17,NA,NA
"184",184,"EU0184",1.5,1,0.5,0,0.6,1,4,NA,1,2,0,"Business Association",0,80,20
"185",185,"EU0185",2,2,1,1,0,0,NA,3,3,2,1,"Citizen Group",6,80,20
"186",186,"EU0186",1.5,1.14285714285714,0.5,0.142857142857143,0.8,1,4,NA,3,1,0,"Business Association",2,95,5
"187",187,"EU0187",3.16666666666667,1.28571428571429,2.16666666666667,0.285714285714286,0.2,0,4,1,3,3,1,"Business Association",5,95,5
"188",188,"EU0188",2.66666666666667,2.28571428571429,1.66666666666667,1.28571428571429,0,0,4,NA,1,1,1,"Business Association",4,30,70
"189",189,"EU0189",2.16666666666667,2.85714285714286,1.16666666666667,1.85714285714286,0.4,0,3,1,1,1,0,"Business Association",4,75,25
"190",190,"EU0190",3.83333333333333,3.14285714285714,2.83333333333333,2.14285714285714,NA,0.5,NA,NA,2,1,1,"Citizen Group",16,40,60
"191",191,"EU0191",2,2,1,1,0.8,0,4,1,3,1,0,"Trade Association",23,15,85
"192",192,"EU0192",NA,NA,NA,NA,NA,NA,NA,NA,NA,NA,NA,"Trade Association",NA,NA,NA
"193",193,"EU0193",NA,NA,NA,NA,NA,0,NA,NA,NA,NA,NA,"Rest",NA,NA,NA
"194",194,"EU0194",NA,NA,NA,NA,NA,NA,NA,NA,NA,NA,NA,"Business Association",NA,NA,NA
"195",195,"EU0195",3,2,2,1,NA,1,4,3,3,3,0,"Business Association",2,50,50
"196",196,"EU0196",3.33333333333333,2.14285714285714,2.33333333333333,1.14285714285714,1,0,2,3,3,3,NA,"Citizen Group",NA,80,20
"197",197,"EU0197",NA,NA,NA,NA,NA,NA,NA,NA,NA,NA,NA,"Rest",NA,NA,NA
"198",198,"EU0198",3.16666666666667,3,2.16666666666667,2,0.2,0,4,3,3,3,0,"Business Association",4,40,60
"199",199,"EU0199",NA,NA,NA,NA,0.4,0,NA,NA,3,3,0,"Rest",13,NA,NA
"200",200,"EU0200",3.83333333333333,NA,2.83333333333333,NA,1,1,4,NA,3,2,1,"Citizen Group",23,60,40
"201",201,"EU0201",1,1.57142857142857,0,0.571428571428571,1,0,3,2,2,3,0,"Business Association",1,60,40
"202",202,"EU0202",3.33333333333333,2.57142857142857,2.33333333333333,1.57142857142857,0.8,0.5,4,1,3,2,0,"Citizen Group",131,80,20
"203",203,"EU0203",1.5,1.57142857142857,0.5,0.571428571428571,NA,NA,2,4,3,1,0,"Citizen Group",4,30,70
"204",204,"EU0204",2.83333333333333,2.28571428571429,1.83333333333333,1.28571428571429,NA,0,4,4,3,3,0,"Business Association",6,70,30
"205",205,"EU0205",2,1.42857142857143,1,0.428571428571429,1,0.5,4,2,3,3,0,"Business Association",1,60,40
"206",206,"EU0206",NA,NA,NA,NA,0.6,0,NA,NA,3,2,1,"Business Association",3,NA,NA
"207",207,"EU0207",1.83333333333333,1.28571428571429,0.833333333333333,0.285714285714286,0,0,4,3,3,3,1,"Business Association",4,90,10
"208",208,"EU0208",NA,NA,NA,NA,NA,NA,NA,NA,NA,NA,NA,"Business Association",NA,NA,NA
"209",209,"EU0209",NA,NA,NA,NA,NA,NA,NA,NA,NA,NA,NA,"Business Association",NA,NA,NA
"210",210,"EU0210",3.16666666666667,2,2.16666666666667,1,0,1,4,3,1,3,0,"Business Association",9,60,40
"211",211,"EU0211",2.83333333333333,2,1.83333333333333,1,0.8,0.5,3,4,1,3,0,"Business Association",5,100,0
"212",212,"EU0212",NA,NA,NA,NA,NA,0.5,NA,NA,1,2,NA,"Business Association",NA,NA,NA
"213",213,"EU0213",1.16666666666667,1.71428571428571,0.166666666666667,0.714285714285714,1,1,NA,NA,3,1,NA,"Business Association",6,20,80
"214",214,"EU0214",2.16666666666667,2,1.16666666666667,1,0.4,0.5,4,3,3,2,0,"Business Association",8,40,60
"215",215,"EU0215",2,2.14285714285714,1,1.14285714285714,0,1,4,3,3,3,0,"Business Association",2,50,50
"216",216,"EU0216",2.5,2.14285714285714,1.5,1.14285714285714,0,0,4,NA,2,3,0,"Trade Association",7,70,30
"217",217,"EU0217",4,2.42857142857143,3,1.42857142857143,1,1,3,3,3,3,0,"Trade Association",6,70,30
"218",218,"EU0218",1.5,1.71428571428571,0.5,0.714285714285714,0.8,0,NA,NA,2,2,0,"Business Association",6,15,85
"219",219,"EU0219",NA,NA,NA,NA,0.6,0,NA,NA,1,3,NA,"Citizen Group",4,NA,NA
"220",220,"EU0220",2.16666666666667,2.71428571428571,1.16666666666667,1.71428571428571,0,0,4,3,1,3,NA,"Rest",7,50,50
"221",221,"EU0221",NA,NA,NA,NA,1,1,NA,NA,3,3,NA,"Business Association",NA,NA,NA
"222",222,"EU0222",2.16666666666667,1.71428571428571,1.16666666666667,0.714285714285714,1,0,4,NA,3,1,0,"Business Association",3,75,25
"223",223,"EU0223",NA,NA,NA,NA,NA,0,NA,NA,3,1,0,"Citizen Group",15,NA,NA
"224",224,"EU0224",2.16666666666667,1.85714285714286,1.16666666666667,0.857142857142857,1,0,3,1,3,3,0,"Trade Association",10,50,50
"225",225,"EU0225",NA,NA,NA,NA,NA,0.5,NA,NA,3,3,NA,"Citizen Group",NA,NA,NA
"226",226,"EU0226",2.83333333333333,2,1.83333333333333,1,1,0.5,3,3,3,3,0,"Business Association",3,40,60
"227",227,"EU0227",2.16666666666667,1.57142857142857,1.16666666666667,0.571428571428571,1,0,4,3,2,3,0,"Business Association",7,99,1
"228",228,"EU0228",NA,NA,NA,NA,NA,NA,NA,NA,NA,NA,NA,"Business Association",NA,NA,NA
"229",229,"EU0229",1,1,0,0,0.2,0,4,NA,2,2,0,"Business Association",4,50,40
"230",230,"EU0230",NA,NA,NA,NA,NA,NA,NA,NA,NA,NA,NA,"Business Association",NA,NA,NA
"231",231,"EU0231",1.5,1.57142857142857,0.5,0.571428571428571,0.6,0,4,4,3,2,NA,"Citizen Group",4,99,1
"232",232,"EU0232",3.16666666666667,2.28571428571429,2.16666666666667,1.28571428571429,0.8,1,4,NA,3,3,0,"Business Association",3,80,20
"233",233,"EU0233",3.33333333333333,1.71428571428571,2.33333333333333,0.714285714285714,0,0,3,4,3,3,0,"Business Association",5,60,40
"234",234,"EU0234",2.83333333333333,3.14285714285714,1.83333333333333,2.14285714285714,0.8,1,2,2,3,2,0,"Business Association",3,40,60
"235",235,"EU0235",1.66666666666667,1.71428571428571,0.666666666666667,0.714285714285714,1,0,3,2,2,3,1,"Rest",103,50,50
"236",236,"EU0236",1.5,1.85714285714286,0.5,0.857142857142857,NA,NA,NA,NA,3,1,1,"Citizen Group",7,40,60
"237",237,"EU0237",3.16666666666667,2.28571428571429,2.16666666666667,1.28571428571429,1,0.5,4,3,2,3,1,"Business Association",3,25,75
"238",238,"EU0238",1.66666666666667,2,0.666666666666667,1,0.4,0.5,3,3,3,3,0,"Business Association",5,60,40
"239",239,"EU0239",2.33333333333333,1.57142857142857,1.33333333333333,0.571428571428571,1,0.5,4,3,3,3,NA,"Business Association",16,80,20
"240",240,"EU0240",2,1.85714285714286,1,0.857142857142857,1,1,3,3,3,3,1,"Business Association",4,50,50
"241",241,"EU0241",1.66666666666667,1.85714285714286,0.666666666666667,0.857142857142857,0.4,0,NA,NA,3,1,NA,"Trade Association",20,75,25
"242",242,"EU0242",3.16666666666667,2.85714285714286,2.16666666666667,1.85714285714286,NA,0.5,3,3,3,3,1,"Business Association",35,70,30
"243",243,"EU0243",3.83333333333333,3.42857142857143,2.83333333333333,2.42857142857143,0.6,0,3,3,3,3,1,"Citizen Group",20,40,60
"244",244,"EU0244",NA,NA,NA,NA,1,0.5,NA,NA,3,3,1,"Citizen Group",4,NA,NA
"245",245,"EU0245",2.5,2.71428571428571,1.5,1.71428571428571,NA,0,3,2,3,1,1,"Citizen Group",8,80,20
"246",246,"EU0246",1.66666666666667,2,0.666666666666667,1,1,0,4,2,3,3,0,"Business Association",1,95,5
"247",247,"EU0247",1.83333333333333,2.14285714285714,0.833333333333333,1.14285714285714,NA,1,4,NA,3,1,0,"Business Association",2,75,25
"248",248,"EU0248",2.5,1.85714285714286,1.5,0.857142857142857,NA,NA,4,NA,1,2,1,"Citizen Group",7,50,50
"249",249,"EU0249",3.66666666666667,2.85714285714286,2.66666666666667,1.85714285714286,0.8,NA,4,3,3,1,0,"Business Association",5,80,20
"250",250,"EU0250",2.33333333333333,1.85714285714286,1.33333333333333,0.857142857142857,0.8,0,NA,3,3,2,0,"Citizen Group",5,60,40
"251",251,"EU0251",4.16666666666667,3.57142857142857,3.16666666666667,2.57142857142857,0.4,0.5,3,3,2,3,0,"Business Association",8,50,50
"252",252,"EU0252",4.33333333333333,3.14285714285714,3.33333333333333,2.14285714285714,0.6,0,3,4,3,3,0,"Rest",7,70,30
"253",253,"EU0253",2.16666666666667,1.57142857142857,1.16666666666667,0.571428571428571,1,0.5,2,NA,3,3,0,"Business Association",3,98,2
"254",254,"EU0254",2.5,NA,1.5,NA,1,0.5,NA,NA,3,3,0,"Trade Association",12,NA,NA
"255",255,"EU0255",2.83333333333333,2.85714285714286,1.83333333333333,1.85714285714286,0.8,1,3,4,3,3,0,"Business Association",2,60,40
"256",256,"EU0256",1.83333333333333,1.85714285714286,0.833333333333333,0.857142857142857,NA,0.5,3,3,3,3,1,"Citizen Group",6,20,80
"257",257,"EU0257",2.66666666666667,2.42857142857143,1.66666666666667,1.42857142857143,0.2,1,4,NA,1,3,0,"Business Association",36,40,60
"258",258,"EU0258",3,2.28571428571429,2,1.28571428571429,NA,0,4,4,3,3,1,"Business Association",6,30,70
"259",259,"EU0259",4.33333333333333,3.28571428571429,3.33333333333333,2.28571428571429,0.6,0,4,3,3,3,0,"Citizen Group",90,50,50
"260",260,"EU0260",1.66666666666667,1,0.666666666666667,0,1,1,3,2,2,1,NA,"Business Association",2,100,0
"261",261,"EU0261",1.5,1.14285714285714,0.5,0.142857142857143,NA,0,NA,NA,3,3,NA,"Citizen Group",4,100,0
"262",262,"EU0262",2,1.57142857142857,1,0.571428571428571,1,0.5,4,3,3,3,0,"Trade Association",284,50,50
"263",263,"EU0263",NA,NA,NA,NA,NA,NA,NA,NA,NA,NA,NA,"Rest",NA,NA,NA
"264",264,"EU0264",1.33333333333333,1.42857142857143,0.333333333333333,0.428571428571429,0.8,0.5,3,2,3,2,0,"Trade Association",1,NA,NA
"265",265,"EU0265",1.33333333333333,1,0.333333333333333,0,NA,1,4,NA,3,1,NA,"Business Association",NA,100,0
"266",266,"EU0266",1.33333333333333,2,0.333333333333333,1,0.2,0,3,NA,3,3,0,"Business Association",2,50,50
"267",267,"EU0267",1,1,0,0,0.6,0.5,NA,NA,3,1,0,"Business Association",3,100,0
"268",268,"EU0268",2.5,2.85714285714286,1.5,1.85714285714286,0,0.5,4,2,3,1,0,"Business Association",50,70,30
"269",269,"EU0269",2.33333333333333,1.42857142857143,1.33333333333333,0.428571428571429,0.6,0,4,3,3,3,0,"Business Association",1,90,10
"270",270,"EU0270",1.83333333333333,2,0.833333333333333,1,1,0,4,4,3,3,NA,"Business Association",2,90,10
"271",271,"EU0271",NA,NA,NA,NA,NA,NA,NA,NA,NA,NA,NA,"Business Association",NA,NA,NA
"272",272,"EU0272",3,2.57142857142857,2,1.57142857142857,0.4,0,4,4,3,3,1,"Business Association",3,50,50
"273",273,"EU0273",2.66666666666667,2,1.66666666666667,1,1,0,4,2,3,1,0,"Business Association",5,NA,NA
"274",274,"EU0274",NA,NA,NA,NA,NA,NA,NA,NA,NA,NA,NA,"Citizen Group",NA,NA,NA
"275",275,"EU0275",2.83333333333333,3.57142857142857,1.83333333333333,2.57142857142857,0.8,0,4,2,3,3,1,"Citizen Group",12,50,50
"276",276,"EU0276",1.16666666666667,1.42857142857143,0.166666666666667,0.428571428571429,0.6,0,4,3,1,3,0,"Citizen Group",5,100,0
"277",277,"EU0277",1.5,1.85714285714286,0.5,0.857142857142857,1,0.5,3,3,3,3,NA,"Rest",3,65,35
"278",278,"EU0278",2.5,1.85714285714286,1.5,0.857142857142857,1,0.5,4,4,2,3,0,"Citizen Group",4,60,40
"279",279,"EU0279",2.83333333333333,2.14285714285714,1.83333333333333,1.14285714285714,1,1,4,3,2,3,0,"Rest",6,80,20
"280",280,"EU0280",NA,NA,NA,NA,0.8,0.5,NA,NA,NA,NA,NA,"Citizen Group",NA,NA,NA
"281",281,"EU0281",NA,NA,NA,NA,NA,NA,NA,NA,NA,NA,NA,"Business Association",NA,NA,NA
"282",282,"EU0282",1.66666666666667,1.57142857142857,0.666666666666667,0.571428571428571,1,1,3,2,2,2,NA,"Trade Association",8,50,50
"283",283,"EU0283",1.16666666666667,1.14285714285714,0.166666666666667,0.142857142857143,NA,0.5,4,NA,1,3,0,"Business Association",6,NA,NA
"284",284,"EU0284",3.66666666666667,2.14285714285714,2.66666666666667,1.14285714285714,0,1,4,3,3,3,NA,"Business Association",3,50,50
"285",285,"EU0285",4,2.71428571428571,3,1.71428571428571,0.8,0,3,4,3,2,1,"Citizen Group",6,50,50
"286",286,"EU0286",NA,NA,NA,NA,NA,NA,NA,NA,NA,NA,NA,"Business Association",NA,NA,NA
"287",287,"EU0287",NA,NA,NA,NA,1,1,NA,NA,1,2,NA,"Citizen Group",15,NA,NA
"288",288,"EU0288",1.83333333333333,2.42857142857143,0.833333333333333,1.42857142857143,1,0,1,3,2,3,NA,"Citizen Group",16,70,30
"289",289,"EU0289",NA,NA,NA,NA,NA,NA,NA,NA,NA,NA,NA,"Citizen Group",NA,NA,NA
"290",290,"EU0290",2.66666666666667,2.57142857142857,1.66666666666667,1.57142857142857,1,0,NA,3,3,3,0,"Citizen Group",7,50,50
"291",291,"EU0291",NA,NA,NA,NA,0.2,1,NA,NA,NA,NA,NA,"Business Association",NA,NA,NA
"292",292,"EU0292",4.5,3.57142857142857,3.5,2.57142857142857,0.8,0,NA,3,3,2,1,"Citizen Group",18,50,50
"293",293,"EU0293",2.16666666666667,2.28571428571429,1.16666666666667,1.28571428571429,0.8,0,4,NA,3,3,0,"Rest",11,30,70
"294",294,"EU0294",NA,NA,NA,NA,0.6,0.5,NA,NA,1,2,NA,"Citizen Group",NA,NA,NA
"295",295,"EU0295",3.83333333333333,3.28571428571429,2.83333333333333,2.28571428571429,NA,NA,3,4,3,3,0,"Citizen Group",17,50,50
"296",296,"EU0296",1.66666666666667,2,0.666666666666667,1,NA,0.5,4,NA,2,2,0,"Rest",8,80,20
"297",297,"EU0297",3.83333333333333,2.85714285714286,2.83333333333333,1.85714285714286,1,1,4,NA,3,3,0,"Citizen Group",332,60,40
"298",298,"EU0298",NA,NA,NA,NA,NA,NA,NA,NA,3,3,1,"Business Association",11,NA,NA
"299",299,"EU0299",3.16666666666667,2.42857142857143,2.16666666666667,1.42857142857143,0.8,0.5,4,4,3,3,0,"Citizen Group",6,90,10
"300",300,"EU0300",1.66666666666667,1.57142857142857,0.666666666666667,0.571428571428571,0.8,0,4,2,3,1,0,"Business Association",362,50,50
"301",301,"EU0301",NA,NA,NA,NA,1,1,NA,NA,3,3,NA,"Business Association",NA,NA,NA
"302",302,"EU0302",1.66666666666667,1.71428571428571,0.666666666666667,0.714285714285714,NA,0.5,NA,NA,2,2,NA,"Trade Association",26,2,98
"303",303,"EU0303",1.66666666666667,2.28571428571429,0.666666666666667,1.28571428571429,1,0.5,4,3,3,3,0,"Trade Association",513,50,50
"304",304,"EU0304",1.66666666666667,1.71428571428571,0.666666666666667,0.714285714285714,0.4,0,4,2,3,3,0,"Citizen Group",8,50,50
"305",305,"EU0305",1.66666666666667,1.28571428571429,0.666666666666667,0.285714285714286,0.8,0.5,4,2,3,3,0,"Business Association",2,80,20
"306",306,"EU0306",2.83333333333333,2.42857142857143,1.83333333333333,1.42857142857143,0.8,0,NA,NA,3,2,0,"Business Association",15,50,50
"307",307,"EU0307",2.33333333333333,1.71428571428571,1.33333333333333,0.714285714285714,NA,0.5,3,3,3,3,1,"Rest",4,90,10
"308",308,"EU0308",2,1.14285714285714,1,0.142857142857143,1,0,4,NA,1,2,1,"Rest",5,75,25
"309",309,"EU0309",3.16666666666667,2.71428571428571,2.16666666666667,1.71428571428571,NA,0,4,2,3,3,1,"Trade Association",81,50,50
"310",310,"EU0310",2.66666666666667,1.85714285714286,1.66666666666667,0.857142857142857,1,1,4,3,1,3,0,"Business Association",7,85,15
"311",311,"EU0311",2.33333333333333,2.42857142857143,1.33333333333333,1.42857142857143,0,0,NA,1,3,1,0,"Citizen Group",9,50,50
"312",312,"EU0312",2.5,1.57142857142857,1.5,0.571428571428571,NA,0.5,4,3,3,3,0,"Business Association",2,40,60
"313",313,"EU0313",2.5,2.57142857142857,1.5,1.57142857142857,1,0,4,2,3,3,1,"Rest",152,85,14
"314",314,"EU0314",4.16666666666667,1.57142857142857,3.16666666666667,0.571428571428571,1,1,4,3,3,3,0,"Business Association",4,95,5
"315",315,"EU0315",3.33333333333333,2.71428571428571,2.33333333333333,1.71428571428571,0.4,0.5,4,3,3,2,0,"Business Association",5,NA,NA
"316",316,"EU0316",NA,NA,NA,NA,NA,NA,NA,NA,NA,NA,NA,"Rest",NA,NA,NA
"317",317,"EU0317",1.33333333333333,1.28571428571429,0.333333333333333,0.285714285714286,0.8,0,4,3,1,1,NA,"Trade Association",10,100,0
"318",318,"EU0318",3.33333333333333,3.28571428571429,2.33333333333333,2.28571428571429,0.8,0,4,4,3,3,0,"Business Association",5,50,50
"319",319,"EU0319",NA,NA,NA,NA,NA,NA,NA,NA,NA,NA,NA,"Business Association",NA,NA,NA
"320",320,"EU0320",3.5,3.42857142857143,2.5,2.42857142857143,0,NA,NA,NA,3,3,1,"Citizen Group",5,80,20
"321",321,"EU0321",3.66666666666667,1.71428571428571,2.66666666666667,0.714285714285714,NA,0.5,2,3,2,1,0,"Business Association",4,90,10
"322",322,"EU0322",NA,NA,NA,NA,0.4,0,NA,NA,3,2,1,"Business Association",18,NA,NA
"323",323,"EU0323",3.66666666666667,4,2.66666666666667,3,0.2,0,4,4,3,3,1,"Business Association",78,20,80
"324",324,"EU0324",1.33333333333333,2.42857142857143,0.333333333333333,1.42857142857143,0.8,0.5,4,2,1,3,1,"Business Association",3,50,50
"325",325,"EU0325",3.16666666666667,1.57142857142857,2.16666666666667,0.571428571428571,0.4,1,4,3,3,3,0,"Business Association",8,75,25
"326",326,"EU0326",2.83333333333333,NA,1.83333333333333,NA,1,1,NA,NA,3,3,1,"Business Association",2,NA,NA
"327",327,"EU0327",1.16666666666667,1.28571428571429,0.166666666666667,0.285714285714286,1,1,4,NA,3,1,NA,"Trade Association",5,80,20
"328",328,"EU0328",2.16666666666667,1.57142857142857,1.16666666666667,0.571428571428571,NA,0,4,NA,3,3,0,"Rest",5,50,50
"329",329,"EU0329",1.5,1.42857142857143,0.5,0.428571428571429,0.6,0.5,4,NA,3,3,1,"Business Association",5,50,50
"330",330,"EU0330",3.33333333333333,2.57142857142857,2.33333333333333,1.57142857142857,0.8,0,2,4,2,2,0,"Citizen Group",2,50,50
"331",331,"EU0331",NA,NA,NA,NA,0.8,0,NA,NA,3,1,0,"Business Association",14,NA,NA
"332",332,"EU0332",NA,NA,NA,NA,0.8,0,NA,NA,NA,NA,NA,"Business Association",NA,NA,NA
"333",333,"EU0333",1.33333333333333,1.57142857142857,0.333333333333333,0.571428571428571,0.8,0,3,4,3,2,NA,"Business Association",11,30,70
"334",334,"EU0334",1.83333333333333,1.28571428571429,0.833333333333333,0.285714285714286,0,0,4,NA,3,1,0,"Trade Association",101,90,10
"335",335,"EU0335",2.66666666666667,2.28571428571429,1.66666666666667,1.28571428571429,NA,0,4,3,2,3,0,"Business Association",8,80,20
"336",336,"EU0336",4,NA,3,NA,1,1,4,4,3,3,0,"Business Association",4,90,10
"337",337,"EU0337",3.33333333333333,2.85714285714286,2.33333333333333,1.85714285714286,NA,0,3,4,3,1,0,"Business Association",90,NA,NA
"338",338,"EU0338",2,1.71428571428571,1,0.714285714285714,NA,0,NA,2,3,3,NA,"Business Association",7,60,40
"339",339,"EU0339",3,2.57142857142857,2,1.57142857142857,1,1,4,4,3,3,0,"Business Association",6,30,70
"340",340,"EU0340",2.66666666666667,1.71428571428571,1.66666666666667,0.714285714285714,1,1,4,3,3,3,1,"Business Association",3,99,1
"341",341,"EU0341",1.33333333333333,2.71428571428571,0.333333333333333,1.71428571428571,1,1,3,NA,3,1,NA,"Trade Association",7,10,90
"342",342,"EU0342",3,1.71428571428571,2,0.714285714285714,1,0.5,NA,3,3,3,0,"Business Association",2,NA,NA
"343",343,"EU0343",1.83333333333333,1.28571428571429,0.833333333333333,0.285714285714286,1,1,NA,3,3,3,NA,"Citizen Group",2,50,50
"344",344,"EU0344",2.16666666666667,1.28571428571429,1.16666666666667,0.285714285714286,0.6,0,NA,4,3,3,0,"Citizen Group",3,70,30
"345",345,"EU0345",1.83333333333333,1.57142857142857,0.833333333333333,0.571428571428571,1,0.5,4,NA,3,1,0,"Business Association",3,85,15
"346",346,"EU0346",2.83333333333333,2.14285714285714,1.83333333333333,1.14285714285714,1,1,4,4,2,3,0,"Business Association",2,75,25
"347",347,"EU0347",NA,NA,NA,NA,NA,NA,NA,NA,NA,NA,NA,"Citizen Group",NA,NA,NA
"348",348,"EU0348",NA,3.28571428571429,NA,2.28571428571429,0.8,0.5,4,4,3,3,1,"Citizen Group",37,20,80
"349",349,"EU0349",1.83333333333333,2.71428571428571,0.833333333333333,1.71428571428571,0.8,0,4,3,3,3,0,"Citizen Group",1740,25,75
"350",350,"EU0350",NA,NA,NA,NA,NA,NA,NA,NA,NA,NA,NA,"Citizen Group",NA,NA,NA
"351",351,"EU0351",2.5,1.85714285714286,1.5,0.857142857142857,NA,NA,3,1,3,3,NA,"Citizen Group",7,80,20
"352",352,"EU0352",3.83333333333333,3,2.83333333333333,2,NA,0,4,NA,3,2,0,"Citizen Group",206,80,20
"353",353,"EU0353",1.66666666666667,2,0.666666666666667,1,0.8,0.5,NA,2,3,2,0,"Rest",7,20,80
"354",354,"EU0354",NA,NA,NA,NA,NA,NA,NA,NA,NA,NA,NA,"Business Association",NA,NA,NA
"355",355,"EU0355",NA,NA,NA,NA,NA,NA,NA,NA,NA,NA,NA,"Business Association",NA,NA,NA
"356",356,"EU0356",2.66666666666667,2,1.66666666666667,1,0.2,1,4,4,3,3,0,"Business Association",17,60,40
"357",357,"EU0357",2.83333333333333,2.14285714285714,1.83333333333333,1.14285714285714,1,1,2,3,3,3,0,"Rest",20,65,35
"358",358,"EU0358",NA,NA,NA,NA,1,0.5,NA,NA,NA,NA,NA,"Citizen Group",NA,NA,NA
"359",359,"EU0359",2.33333333333333,2.14285714285714,1.33333333333333,1.14285714285714,1,0.5,NA,3,3,3,0,"Business Association",2,NA,NA
"360",360,"EU0360",1,1.14285714285714,0,0.142857142857143,0.6,0.5,3,2,3,1,1,"Rest",313,0,90
"361",361,"EU0361",1.5,1.85714285714286,0.5,0.857142857142857,0.8,1,4,4,2,2,NA,"Citizen Group",12,80,20
"362",362,"EU0362",2,1.85714285714286,1,0.857142857142857,0.4,0,4,2,1,3,0,"Citizen Group",6,80,20
"363",363,"EU0363",2.5,2.28571428571429,1.5,1.28571428571429,0.8,0,4,3,3,3,1,"Citizen Group",24,40,60
"364",364,"EU0364",1.5,1.71428571428571,0.5,0.714285714285714,1,0.5,4,NA,2,2,NA,"Citizen Group",8,80,20
"365",365,"EU0365",1.16666666666667,1.14285714285714,0.166666666666667,0.142857142857143,0.4,0,NA,NA,2,2,0,"Citizen Group",1,100,0
"366",366,"EU0366",2.16666666666667,1.71428571428571,1.16666666666667,0.714285714285714,0.6,0,4,3,2,2,0,"Business Association",4,70,30
"367",367,"EU0367",2.5,2,1.5,1,0,0,4,NA,3,3,0,"Business Association",1,50,40
"368",368,"EU0368",1,1.57142857142857,0,0.571428571428571,0.8,1,3,3,1,3,NA,"Citizen Group",8,95,5
"369",369,"EU0369",3.33333333333333,1.71428571428571,2.33333333333333,0.714285714285714,1,1,4,2,1,3,0,"Trade Association",3,10,80
"370",370,"EU0370",2.16666666666667,2.14285714285714,1.16666666666667,1.14285714285714,NA,0.5,2,3,3,3,NA,"Citizen Group",15,50,50
"371",371,"EU0371",2.5,2.85714285714286,1.5,1.85714285714286,0,0.5,3,3,1,3,0,"Business Association",20,20,80
"372",372,"EU0372",1.33333333333333,1.71428571428571,0.333333333333333,0.714285714285714,NA,0,4,2,1,2,1,"Rest",30,NA,NA
"373",373,"EU0373",1,1,0,0,0.8,NA,1,NA,2,2,0,"Business Association",2,50,50
"374",374,"EU0374",2.5,2.42857142857143,1.5,1.42857142857143,0.8,0.5,3,4,3,3,0,"Business Association",6,60,40
"375",375,"EU0375",2.33333333333333,1.57142857142857,1.33333333333333,0.571428571428571,0.4,0,3,1,3,1,0,"Business Association",11,70,30
"376",376,"EU0376",NA,NA,NA,NA,NA,NA,NA,NA,NA,NA,NA,"Business Association",NA,NA,NA
"377",377,"EU0377",2,2.14285714285714,1,1.14285714285714,0.4,0,3,3,1,1,NA,"Trade Association",130,70,30
"378",378,"EU0378",1.66666666666667,1.42857142857143,0.666666666666667,0.428571428571429,0.8,0,4,3,2,1,NA,"Business Association",7,100,0
"379",379,"EU0379",1.33333333333333,2.57142857142857,0.333333333333333,1.57142857142857,0,0,3,NA,3,1,NA,"Citizen Group",1,25,75
"380",380,"EU0380",NA,NA,NA,NA,NA,NA,NA,NA,NA,NA,NA,"Citizen Group",NA,NA,NA
"381",381,"EU0381",2.33333333333333,1.57142857142857,1.33333333333333,0.571428571428571,0.8,1,3,4,2,3,1,"Business Association",1,50,50
"382",382,"EU0382",1.5,1.57142857142857,0.5,0.571428571428571,0.8,0,4,2,3,1,NA,"Business Association",0,50,50
"383",383,"EU0383",2.83333333333333,1.71428571428571,1.83333333333333,0.714285714285714,0.8,0.5,4,3,3,2,NA,"Business Association",3,100,0
"384",384,"EU0384",5,NA,4,NA,1,1,NA,NA,3,3,0,"Trade Association",49,NA,NA
"385",385,"EU0385",2.66666666666667,3.28571428571429,1.66666666666667,2.28571428571429,1,NA,4,1,3,3,1,"Citizen Group",8,50,50
"386",386,"EU0386",1.33333333333333,2.42857142857143,0.333333333333333,1.42857142857143,0,NA,4,NA,3,3,0,"Business Association",4,20,80
"387",387,"EU0387",1.5,1.42857142857143,0.5,0.428571428571429,NA,1,4,NA,3,2,NA,"Business Association",2,90,10
"388",388,"EU0388",1.16666666666667,1.28571428571429,0.166666666666667,0.285714285714286,0.8,1,4,NA,3,3,0,"Business Association",5,95,5
"389",389,"EU0389",NA,NA,NA,NA,NA,NA,NA,NA,NA,NA,NA,"Trade Association",NA,NA,NA
"390",390,"EU0390",1.16666666666667,2,0.166666666666667,1,0.8,1,4,NA,3,3,0,"Business Association",12,100,0
"391",391,"EU0391",NA,NA,NA,NA,NA,NA,NA,NA,NA,NA,NA,"Business Association",NA,NA,NA
"392",392,"EU0392",2.16666666666667,NA,1.16666666666667,NA,0.6,0,4,2,2,1,0,"Business Association",8,NA,NA
"393",393,"EU0393",3,2.14285714285714,2,1.14285714285714,NA,1,4,3,3,1,0,"Business Association",2,70,30
"394",394,"EU0394",NA,NA,NA,NA,NA,NA,NA,NA,NA,NA,NA,"Citizen Group",NA,NA,NA
"395",395,"EU0395",1.33333333333333,1.71428571428571,0.333333333333333,0.714285714285714,0.6,0,NA,NA,3,3,1,"Rest",6,30,70
"396",396,"EU0396",NA,1.85714285714286,NA,0.857142857142857,NA,0,4,3,3,2,0,"Citizen Group",37,NA,NA
"397",397,"EU0397",NA,NA,NA,NA,NA,NA,NA,NA,NA,NA,NA,"Business Association",NA,NA,NA
"398",398,"EU0398",3.33333333333333,1.85714285714286,2.33333333333333,0.857142857142857,NA,1,4,4,3,3,NA,"Business Association",20,NA,NA
"399",399,"EU0399",4.5,4.42857142857143,3.5,3.42857142857143,0.6,0,3,4,3,3,1,"Citizen Group",43,70,30
"400",400,"EU0400",1.33333333333333,NA,0.333333333333333,NA,NA,0,NA,NA,3,2,NA,"Citizen Group",300,NA,NA
"401",401,"EU0401",1.5,2,0.5,1,0.6,0.5,3,4,3,3,0,"Citizen Group",749,50,50
"402",402,"EU0402",3,2.57142857142857,2,1.57142857142857,1,NA,4,2,1,3,0,"Business Association",5,90,10
"403",403,"EU0403",NA,NA,NA,NA,NA,0,NA,NA,1,3,1,"Rest",130,NA,NA
"404",404,"EU0404",2.83333333333333,1.85714285714286,1.83333333333333,0.857142857142857,0.8,1,4,3,1,3,0,"Business Association",3,60,40
"405",405,"EU0405",1,1,0,0,0.2,0.5,4,NA,3,1,0,"Business Association",5,50,50
"406",406,"EU0406",2.66666666666667,1.14285714285714,1.66666666666667,0.142857142857143,NA,NA,NA,4,3,2,0,"Trade Association",15,60,40
"407",407,"EU0407",1.66666666666667,1.85714285714286,0.666666666666667,0.857142857142857,0.2,1,4,4,3,2,0,"Citizen Group",4,100,0
"408",408,"EU0408",2.5,1.85714285714286,1.5,0.857142857142857,0.8,1,3,3,3,3,NA,"Trade Association",4,50,50
"409",409,"EU0409",1.33333333333333,1.14285714285714,0.333333333333333,0.142857142857143,0,0,4,2,2,2,0,"Business Association",1,50,50
"410",410,"EU0410",2.33333333333333,2.14285714285714,1.33333333333333,1.14285714285714,0.2,0,4,3,3,3,0,"Business Association",2,70,30
"411",411,"EU0411",NA,NA,NA,NA,NA,NA,NA,NA,NA,NA,NA,"Business Association",NA,NA,NA
"412",412,"EU0412",2,1.57142857142857,1,0.571428571428571,0.6,0,4,3,3,2,0,"Rest",19,70,30
"413",413,"EU0413",2.5,2.42857142857143,1.5,1.42857142857143,0.6,0,3,4,3,3,NA,"Trade Association",0,70,30
"414",414,"EU0414",3.5,1.85714285714286,2.5,0.857142857142857,0.4,1,NA,4,2,2,0,"Trade Association",3,85,15
"415",415,"EU0415",NA,NA,NA,NA,NA,NA,NA,NA,NA,NA,NA,"Business Association",NA,NA,NA
"416",416,"EU0416",3.33333333333333,2.14285714285714,2.33333333333333,1.14285714285714,1,1,4,3,3,3,0,"Business Association",2,40,60
"417",417,"EU0417",2,1.42857142857143,1,0.428571428571429,NA,0,4,NA,3,3,NA,"Rest",5,50,50
"418",418,"EU0418",NA,1,NA,0,0.4,1,NA,NA,3,3,1,"Citizen Group",122,NA,NA
"419",419,"EU0419",1,1,0,0,NA,NA,1,2,3,3,NA,"Rest",12,50,50
"420",420,"EU0420",1.33333333333333,2.28571428571429,0.333333333333333,1.28571428571429,0.8,0,3,2,3,3,0,"Citizen Group",3,5,95
"421",421,"EU0421",1.83333333333333,1.71428571428571,0.833333333333333,0.714285714285714,0,1,4,4,3,2,NA,"Business Association",2,50,50
"422",422,"EU0422",3.33333333333333,3.14285714285714,2.33333333333333,2.14285714285714,0,1,4,2,3,3,1,"Rest",1,50,50
"423",423,"EU0423",2,2.57142857142857,1,1.57142857142857,NA,0.5,4,2,1,3,1,"Citizen Group",2,50,50
"424",424,"EU0424",1,1.57142857142857,0,0.571428571428571,NA,NA,NA,NA,2,1,NA,"Citizen Group",3400,0,100
"425",425,"EU0425",2,1.42857142857143,1,0.428571428571429,NA,0,4,3,1,3,0,"Business Association",3,50,50
"426",426,"EU0426",1,2.14285714285714,0,1.14285714285714,NA,0,3,3,2,2,NA,"Business Association",NA,NA,NA
"427",427,"EU0427",NA,NA,NA,NA,NA,NA,NA,NA,2,1,0,"Business Association",12,NA,NA
"428",428,"EU0428",NA,NA,NA,NA,NA,NA,NA,NA,NA,NA,NA,"Business Association",NA,NA,NA
"429",429,"EU0429",3.83333333333333,2,2.83333333333333,1,0.8,0,4,2,3,3,0,"Business Association",8,80,20
"430",430,"EU0430",NA,NA,NA,NA,0.6,0,NA,NA,NA,NA,NA,"Business Association",NA,NA,NA
"431",431,"EU0431",NA,NA,NA,NA,NA,NA,NA,NA,3,2,0,"Rest",2,NA,NA
"432",432,"EU0432",1.5,1.28571428571429,0.5,0.285714285714286,NA,0,3,2,3,3,1,"Business Association",4,80,20
"433",433,"EU0433",NA,NA,NA,NA,0.2,0,NA,NA,NA,NA,NA,"Business Association",NA,NA,NA
"434",434,"EU0434",1,1,0,0,NA,0,4,4,3,3,NA,"Business Association",NA,NA,NA
"435",435,"EU0435",1.66666666666667,2.57142857142857,0.666666666666667,1.57142857142857,0.8,1,NA,3,3,3,1,"Citizen Group",18,10,90
"436",436,"EU0436",2.66666666666667,2.57142857142857,1.66666666666667,1.57142857142857,0.4,0.5,3,2,3,3,0,"Citizen Group",2,50,50
"437",437,"EU0437",2.83333333333333,2.28571428571429,1.83333333333333,1.28571428571429,1,0.5,2,3,3,3,0,"Rest",4,65,35
"438",438,"EU0438",2.33333333333333,1.57142857142857,1.33333333333333,0.571428571428571,0.6,0.5,2,4,2,3,0,"Business Association",2,50,50
"439",439,"EU0439",NA,NA,NA,NA,NA,NA,NA,NA,NA,NA,NA,"Business Association",NA,NA,NA
"440",440,"EU0440",1,1,0,0,0,0,NA,NA,2,3,1,"Citizen Group",50,0,100
"441",441,"EU0441",2.33333333333333,1.71428571428571,1.33333333333333,0.714285714285714,0.8,1,4,2,3,2,0,"Rest",5,60,40
"442",442,"EU0442",2,1.85714285714286,1,0.857142857142857,1,0,4,3,3,1,0,"Business Association",16,90,10
"443",443,"EU0443",NA,NA,NA,NA,NA,NA,NA,NA,NA,NA,NA,"Business Association",NA,NA,NA
"444",444,"EU0444",2.16666666666667,2,1.16666666666667,1,0,0,3,4,3,3,NA,"Citizen Group",6,0,100
"445",445,"EU0445",1.83333333333333,1.57142857142857,0.833333333333333,0.571428571428571,0.6,0.5,3,3,3,3,NA,"Business Association",16,90,10
"446",446,"EU0446",1.33333333333333,1.14285714285714,0.333333333333333,0.142857142857143,1,0.5,3,3,2,2,1,"Business Association",2,95,5
"447",447,"EU0447",2.16666666666667,2.28571428571429,1.16666666666667,1.28571428571429,NA,1,3,2,3,3,1,"Business Association",55,80,20
"448",448,"EU0448",4,3.28571428571429,3,2.28571428571429,1,0.5,3,3,3,3,0,"Rest",6,60,40
"449",449,"EU0449",3,2.71428571428571,2,1.71428571428571,1,0.5,3,2,3,2,1,"Business Association",2,30,70
"450",450,"EU0450",1.66666666666667,1.71428571428571,0.666666666666667,0.714285714285714,NA,0,4,3,2,2,0,"Business Association",3,95,5
"451",451,"EU0451",NA,NA,NA,NA,NA,NA,NA,NA,3,3,0,"Business Association",2,NA,NA
"452",452,"EU0452",1.33333333333333,1.71428571428571,0.333333333333333,0.714285714285714,NA,0,NA,NA,1,3,NA,"Trade Association",35,10,90
"453",453,"EU0453",3.83333333333333,1.85714285714286,2.83333333333333,0.857142857142857,0.4,1,4,4,3,1,0,"Business Association",3,50,50
"454",454,"EU0454",1.16666666666667,1.85714285714286,0.166666666666667,0.857142857142857,NA,0.5,NA,NA,3,3,0,"Citizen Group",2,15,85
"455",455,"EU0455",NA,NA,NA,NA,NA,NA,NA,NA,NA,NA,NA,"Rest",NA,NA,NA
"456",456,"EU0456",3.83333333333333,2.57142857142857,2.83333333333333,1.57142857142857,0.2,0.5,4,3,3,3,0,"Business Association",7,80,20
"457",457,"EU0457",1.5,2.28571428571429,0.5,1.28571428571429,1,1,4,3,3,1,1,"Business Association",6,75,25
"458",458,"EU0458",2,1.57142857142857,1,0.571428571428571,NA,0,4,3,3,3,1,"Business Association",8,90,10
"459",459,"EU0459",2.16666666666667,1.71428571428571,1.16666666666667,0.714285714285714,0.8,0.5,NA,3,3,3,0,"Citizen Group",445,50,50
"460",460,"EU0460",NA,NA,NA,NA,NA,0.5,NA,NA,NA,NA,NA,"Citizen Group",NA,NA,NA
"461",461,"EU0461",4.16666666666667,4.42857142857143,3.16666666666667,3.42857142857143,1,0.5,3,4,3,3,1,"Citizen Group",85,50,50
"462",462,"EU0462",2,1.28571428571429,1,0.285714285714286,0.4,0,3,2,3,1,1,"Business Association",3,60,40
"463",463,"EU0463",3.33333333333333,2.42857142857143,2.33333333333333,1.42857142857143,0.4,0,4,4,3,3,1,"Business Association",10,70,30
"464",464,"EU0464",NA,NA,NA,NA,0.6,1,NA,NA,3,3,0,"Rest",13,NA,NA
"465",465,"EU0465",1.83333333333333,1.28571428571429,0.833333333333333,0.285714285714286,0.8,0.5,4,NA,1,2,0,"Citizen Group",1,10,90
"466",466,"EU0466",3.33333333333333,2.28571428571429,2.33333333333333,1.28571428571429,0.8,0.5,NA,4,3,3,1,"Citizen Group",3,80,20
"467",467,"EU0467",2.66666666666667,2,1.66666666666667,1,NA,0,3,4,3,3,1,"Rest",4,50,50
"468",468,"EU0468",NA,NA,NA,NA,0.8,0,NA,NA,NA,NA,NA,"Citizen Group",NA,NA,NA
"469",469,"EU0469",NA,NA,NA,NA,NA,NA,NA,NA,3,3,NA,"Business Association",NA,NA,NA
"470",470,"EU0470",3.16666666666667,2.57142857142857,2.16666666666667,1.57142857142857,0.4,0,4,NA,3,3,1,"Business Association",1000,50,50
"471",471,"EU0471",1.5,1.71428571428571,0.5,0.714285714285714,1,1,2,3,3,2,NA,"Trade Association",10,40,60
"472",472,"EU0472",3.16666666666667,3,2.16666666666667,2,0.6,0,3,3,3,3,1,"Business Association",225,80,20
"473",473,"EU0473",1.5,1.42857142857143,0.5,0.428571428571429,0.8,0.5,3,NA,3,2,1,"Citizen Group",7,10,90
"474",474,"EU0474",1.83333333333333,2.14285714285714,0.833333333333333,1.14285714285714,NA,0,2,3,3,3,0,"Rest",6,25,75
"475",475,"EU0475",NA,NA,NA,NA,NA,NA,NA,NA,2,1,NA,"Citizen Group",NA,NA,NA
"476",476,"EU0476",1.16666666666667,2.42857142857143,0.166666666666667,1.42857142857143,1,1,NA,NA,3,3,0,"Rest",22,40,60
"477",477,"EU0477",2.16666666666667,2.28571428571429,1.16666666666667,1.28571428571429,0,0,3,3,3,3,0,"Citizen Group",4,50,50
"478",478,"EU0478",NA,NA,NA,NA,NA,0,NA,NA,3,2,1,"Business Association",6,NA,NA
"479",479,"EU0479",1.16666666666667,1.42857142857143,0.166666666666667,0.428571428571429,1,1,1,1,3,3,NA,"Citizen Group",4,100,0
"480",480,"EU0480",2.5,1.85714285714286,1.5,0.857142857142857,0.4,0.5,NA,3,3,2,0,"Citizen Group",14,50,50
"481",481,"EU0481",NA,NA,NA,NA,NA,0.5,NA,NA,2,3,1,"Citizen Group",115,NA,NA
"482",482,"EU0482",2.5,1.28571428571429,1.5,0.285714285714286,1,0,4,1,1,3,NA,"Citizen Group",11,80,20
"483",483,"EU0483",1.33333333333333,1.57142857142857,0.333333333333333,0.571428571428571,1,1,4,3,3,3,NA,"Citizen Group",20,NA,NA
"484",484,"EU0484",2.66666666666667,1.71428571428571,1.66666666666667,0.714285714285714,0.2,0,2,3,3,3,NA,"Citizen Group",6,50,50
"485",485,"EU0485",NA,NA,NA,NA,NA,NA,NA,NA,NA,NA,NA,"Business Association",NA,NA,NA
"486",486,"EU0486",1.83333333333333,3,0.833333333333333,2,NA,1,4,3,2,3,0,"Citizen Group",38,30,70
"487",487,"EU0487",2.66666666666667,3,1.66666666666667,2,0,0,3,2,3,3,NA,"Citizen Group",3,20,80
"488",488,"EU0488",1.66666666666667,2.28571428571429,0.666666666666667,1.28571428571429,1,0.5,4,2,3,2,NA,"Business Association",12,10,90
"489",489,"EU0489",2.5,1.71428571428571,1.5,0.714285714285714,1,0,4,2,3,2,1,"Trade Association",402,70,30
"490",490,"EU0490",3.33333333333333,3.14285714285714,2.33333333333333,2.14285714285714,NA,0,2,4,3,3,0,"Rest",45,70,30
"491",491,"EU0491",1.16666666666667,1.42857142857143,0.166666666666667,0.428571428571429,0.8,0,4,2,2,1,0,"Business Association",2,NA,NA
"492",492,"EU0492",NA,NA,NA,NA,1,1,NA,NA,3,3,NA,"Business Association",NA,NA,NA
"493",493,"EU0493",1.33333333333333,1.57142857142857,0.333333333333333,0.571428571428571,0.8,0,3,2,3,2,0,"Business Association",1,60,40
"494",494,"EU0494",NA,NA,NA,NA,1,1,NA,NA,3,1,0,"Business Association",218,NA,NA
"495",495,"EU0495",2.83333333333333,2,1.83333333333333,1,NA,1,4,NA,1,3,0,"Business Association",1,80,15
"496",496,"EU0496",1.5,1.28571428571429,0.5,0.285714285714286,0,0,1,1,2,3,0,"Business Association",1,100,0
"497",497,"EU0497",1.66666666666667,2.28571428571429,0.666666666666667,1.28571428571429,0.8,0.5,4,3,3,1,0,"Rest",5,50,50
"498",498,"EU0498",3.5,2.28571428571429,2.5,1.28571428571429,1,0,3,3,3,2,0,"Business Association",2,50,50
"499",499,"EU0499",3.16666666666667,2,2.16666666666667,1,0.2,0,3,4,3,3,1,"Business Association",10,80,20
"500",500,"EU0500",3.33333333333333,2.42857142857143,2.33333333333333,1.42857142857143,NA,0,4,4,3,3,0,"Business Association",3,60,40
"501",501,"EU0501",2.16666666666667,1.85714285714286,1.16666666666667,0.857142857142857,0.6,0.5,4,3,3,3,0,"Business Association",5,80,20
"502",502,"EU0502",1,1.57142857142857,0,0.571428571428571,NA,1,NA,NA,1,3,NA,"Business Association",1,0,100
"503",503,"EU0503",1.83333333333333,1.14285714285714,0.833333333333333,0.142857142857143,0.8,0,4,NA,3,2,0,"Business Association",2,75,25
"504",504,"EU0504",2.5,1.71428571428571,1.5,0.714285714285714,0.6,1,4,2,3,3,1,"Rest",205,50,50
"505",505,"EU0505",2.33333333333333,3.42857142857143,1.33333333333333,2.42857142857143,0.8,0,4,4,3,3,0,"Citizen Group",33,40,60
"506",506,"EU0506",1.33333333333333,1.85714285714286,0.333333333333333,0.857142857142857,0.6,0,4,3,2,2,0,"Business Association",1,70,30
"507",507,"EU0507",1.5,2.71428571428571,0.5,1.71428571428571,NA,0.5,NA,NA,1,1,0,"Trade Association",18,NA,NA
"508",508,"EU0508",1.5,3,0.5,2,0,0,NA,3,2,1,0,"Trade Association",7,50,50
"509",509,"EU0509",2.16666666666667,2.14285714285714,1.16666666666667,1.14285714285714,0.8,0.5,4,2,3,3,0,"Rest",10,50,50
"510",510,"EU0510",1.83333333333333,2.42857142857143,0.833333333333333,1.42857142857143,0.6,0,2,4,3,3,0,"Trade Association",3,90,10
"511",511,"EU0511",2.16666666666667,1.42857142857143,1.16666666666667,0.428571428571429,1,1,4,1,2,3,NA,"Business Association",3,90,10
"512",512,"EU0512",1.33333333333333,1.85714285714286,0.333333333333333,0.857142857142857,NA,NA,4,NA,2,2,NA,"Rest",10,50,50
"513",513,"EU0513",2.83333333333333,2,1.83333333333333,1,0.8,0.5,4,4,3,3,1,"Business Association",8,75,25
"514",514,"EU0514",2.33333333333333,1.71428571428571,1.33333333333333,0.714285714285714,NA,0.5,3,3,1,3,0,"Citizen Group",4,80,20
"515",515,"EU0515",1.5,1.71428571428571,0.5,0.714285714285714,0.6,0.5,4,3,3,3,NA,"Rest",25,70,30
"516",516,"EU0516",1.33333333333333,1.71428571428571,0.333333333333333,0.714285714285714,0.8,0.5,4,2,2,1,NA,"Trade Association",16,60,40
"517",517,"EU0517",3.5,2.71428571428571,2.5,1.71428571428571,0,0,3,4,1,3,0,"Rest",34,60,40
"518",518,"EU0518",2.5,2,1.5,1,0.4,0,4,3,2,3,NA,"Citizen Group",20,95,5
"519",519,"EU0519",NA,NA,NA,NA,NA,NA,NA,NA,NA,NA,NA,"Business Association",NA,NA,NA
"520",520,"EU0520",1.66666666666667,1.14285714285714,0.666666666666667,0.142857142857143,1,1,4,1,1,3,0,"Rest",2,80,20
"521",521,"EU0521",1.33333333333333,1.42857142857143,0.333333333333333,0.428571428571429,0.2,0,4,NA,1,2,0,"Rest",21,100,0
"522",522,"EU0522",3.83333333333333,3.28571428571429,2.83333333333333,2.28571428571429,0.8,1,4,3,3,2,0,"Business Association",6,70,30
"523",523,"EU0523",1,1.71428571428571,0,0.714285714285714,1,0.5,4,NA,3,1,0,"Business Association",3,50,50
"524",524,"EU0524",1.83333333333333,2.85714285714286,0.833333333333333,1.85714285714286,0,0,3,2,3,3,0,"Business Association",3,50,50
"525",525,"EU0525",2.5,2.42857142857143,1.5,1.42857142857143,NA,0.5,3,3,3,3,0,"Citizen Group",2,50,50
"526",526,"EU0526",1.5,1.42857142857143,0.5,0.428571428571429,1,0,4,NA,3,1,0,"Business Association",7,100,0
"527",527,"EU0527",1.5,1.28571428571429,0.5,0.285714285714286,0.8,0,3,NA,3,1,1,"Citizen Group",7,98,2
"528",528,"EU0528",2.33333333333333,2.14285714285714,1.33333333333333,1.14285714285714,0.8,0,3,4,3,3,0,"Business Association",1,40,60
"529",529,"EU0529",2,2.42857142857143,1,1.42857142857143,NA,0.5,4,3,3,2,0,"Business Association",9,50,50
"530",530,"EU0530",2,2.14285714285714,1,1.14285714285714,1,0.5,3,3,3,3,NA,"Business Association",0,80,20
"531",531,"EU0531",4,3.85714285714286,3,2.85714285714286,0.6,1,3,4,3,3,1,"Business Association",15,80,20
"532",532,"EU0532",1.66666666666667,1.42857142857143,0.666666666666667,0.428571428571429,0,0,NA,NA,2,2,0,"Business Association",2,NA,NA
"533",533,"EU0533",1,1.42857142857143,0,0.428571428571429,0,0,3,2,2,1,0,"Business Association",2,0,100
"534",534,"EU0534",1.16666666666667,1,0.166666666666667,0,0.6,0.5,3,2,3,3,NA,"Business Association",25,99,1
"535",535,"EU0535",3.5,2.85714285714286,2.5,1.85714285714286,1,1,NA,4,3,3,0,"Rest",11,35,65
"536",536,"EU0536",1.66666666666667,1.28571428571429,0.666666666666667,0.285714285714286,1,0,4,1,1,2,NA,"Business Association",20,99,1
"537",537,"EU0537",1.83333333333333,1.28571428571429,0.833333333333333,0.285714285714286,1,0,4,2,3,1,0,"Trade Association",13,50,50
"538",538,"EU0538",1.16666666666667,1.28571428571429,0.166666666666667,0.285714285714286,1,NA,NA,NA,3,3,1,"Rest",5,5,95
"539",539,"EU0539",1,1.14285714285714,0,0.142857142857143,0.8,0,3,3,3,1,NA,"Rest",NA,60,30
"540",540,"EU0540",2.5,2,1.5,1,0.8,0,3,2,3,3,0,"Business Association",3,80,20
"541",541,"EU0541",2,1.71428571428571,1,0.714285714285714,1,0.5,4,3,3,3,1,"Trade Association",1,60,40
"542",542,"EU0542",1.83333333333333,2,0.833333333333333,1,0.8,0.5,NA,NA,3,2,NA,"Trade Association",NA,50,50
"543",543,"EU0543",1.16666666666667,1,0.166666666666667,0,1,1,NA,NA,2,2,NA,"Business Association",1,NA,NA
"544",544,"EU0544",1.5,1.28571428571429,0.5,0.285714285714286,0.4,0,4,2,2,1,0,"Business Association",1,95,5
"545",545,"EU0545",2.16666666666667,2.42857142857143,1.16666666666667,1.42857142857143,1,1,4,3,3,3,1,"Business Association",2,50,50
"546",546,"EU0546",1.5,1.28571428571429,0.5,0.285714285714286,1,1,4,NA,1,2,1,"Business Association",1,70,30
"547",547,"EU0547",2.33333333333333,1.14285714285714,1.33333333333333,0.142857142857143,0.2,0,4,2,1,3,0,"Business Association",1,90,10
"548",548,"EU0548",2,1.71428571428571,1,0.714285714285714,1,0,4,4,3,3,0,"Citizen Group",4,NA,NA
"549",549,"EU0549",1.83333333333333,1.85714285714286,0.833333333333333,0.857142857142857,0.8,0,4,2,3,2,0,"Business Association",1,95,5
"550",550,"EU0550",1.33333333333333,1.57142857142857,0.333333333333333,0.571428571428571,0,0,3,NA,1,3,NA,"Citizen Group",7,85,15
"551",551,"EU0551",1.5,2.14285714285714,0.5,1.14285714285714,1,1,3,1,2,3,0,"Business Association",6,0,100
"552",552,"EU0552",1.83333333333333,1.57142857142857,0.833333333333333,0.571428571428571,NA,0,4,3,3,3,0,"Trade Association",25,75,25
"553",553,"EU0553",1.33333333333333,1.57142857142857,0.333333333333333,0.571428571428571,NA,1,NA,NA,2,3,0,"Citizen Group",1,90,10
"554",554,"EU0554",2.33333333333333,1.71428571428571,1.33333333333333,0.714285714285714,NA,1,3,4,3,3,NA,"Trade Association",0,95,5
"555",555,"EU0555",1.5,1.28571428571429,0.5,0.285714285714286,NA,NA,NA,NA,3,2,NA,"Citizen Group",6,30,70
"556",556,"EU0556",NA,NA,NA,NA,NA,NA,NA,NA,NA,NA,NA,"Rest",NA,NA,NA
"557",557,"EU0557",2.33333333333333,2,1.33333333333333,1,NA,NA,4,4,3,3,0,"Citizen Group",6,50,50
"558",558,"EU0558",NA,NA,NA,NA,1,0.5,NA,NA,3,2,NA,"Trade Association",NA,NA,NA
"559",559,"EU0559",3.66666666666667,3.42857142857143,2.66666666666667,2.42857142857143,0.4,1,4,4,3,3,0,"Citizen Group",10,50,50
"560",560,"EU0560",3,3.14285714285714,2,2.14285714285714,NA,0,3,4,3,3,1,"Citizen Group",8,50,50
"561",561,"EU0561",NA,NA,NA,NA,NA,NA,NA,NA,NA,NA,NA,"Trade Association",NA,NA,NA
"562",562,"EU0562",1.33333333333333,2.14285714285714,0.333333333333333,1.14285714285714,NA,1,4,3,3,3,0,"Citizen Group",5,98,2
"563",563,"EU0563",1.16666666666667,1,0.166666666666667,0,0.4,NA,3,NA,3,1,NA,"Business Association",1,100,0
"564",564,"EU0564",NA,NA,NA,NA,0.8,NA,NA,NA,1,2,0,"Business Association",4,NA,NA
"565",565,"EU0565",1.33333333333333,1.14285714285714,0.333333333333333,0.142857142857143,0.8,0.5,4,2,1,2,NA,"Business Association",0,100,0
"566",566,"EU0566",2,1.42857142857143,1,0.428571428571429,0,1,3,3,2,3,0,"Business Association",1,90,10
"567",567,"EU0567",NA,NA,NA,NA,NA,NA,NA,NA,NA,NA,NA,"Business Association",NA,NA,NA
"568",568,"EU0568",NA,NA,NA,NA,1,1,NA,NA,3,3,0,"Business Association",2,NA,NA
"569",569,"EU0569",1,3.28571428571429,0,2.28571428571429,0.8,0.5,4,4,3,3,NA,"Citizen Group",33,50,50
"570",570,"EU0570",1.83333333333333,2.85714285714286,0.833333333333333,1.85714285714286,0.8,0.5,4,1,3,3,1,"Business Association",9,20,80
"571",571,"EU0571",NA,NA,NA,NA,1,1,NA,NA,NA,NA,NA,"Rest",NA,NA,NA
"572",572,"EU0572",1.16666666666667,1.57142857142857,0.166666666666667,0.571428571428571,NA,0,4,3,1,3,0,"Rest",13,90,10
"573",573,"EU0573",2.5,2.71428571428571,1.5,1.71428571428571,0.6,0.5,NA,NA,3,2,NA,"Rest",10,NA,NA
"574",574,"EU0574",2,1.28571428571429,1,0.285714285714286,NA,NA,4,NA,2,2,0,"Rest",30,15,85
"575",575,"EU0575",1.66666666666667,1.28571428571429,0.666666666666667,0.285714285714286,0.8,0.5,4,NA,2,1,0,"Rest",1,90,0
"576",576,"EU0576",1.16666666666667,1.42857142857143,0.166666666666667,0.428571428571429,1,1,4,4,3,1,NA,"Rest",10,NA,NA
"577",577,"EU0577",1.83333333333333,1.57142857142857,0.833333333333333,0.571428571428571,0,0,4,2,1,3,1,"Rest",1,95,5
"578",578,"EU0578",2.33333333333333,2.14285714285714,1.33333333333333,1.14285714285714,NA,0,NA,NA,3,3,NA,"Citizen Group",12,50,50
"579",579,"EU0579",NA,NA,NA,NA,0.8,0,4,NA,3,1,1,"Business Association",1,70,30
"580",580,"EU0580",1.83333333333333,2,0.833333333333333,1,1,1,3,3,3,3,0,"Business Association",1,25,75
"581",581,"EU0581",2.33333333333333,1.14285714285714,1.33333333333333,0.142857142857143,NA,0,NA,2,2,3,1,"Citizen Group",40,60,40
"582",582,"EU0582",NA,NA,NA,NA,1,0.5,NA,NA,3,3,0,"Trade Association",2,NA,NA
"583",583,"EU0583",1.66666666666667,1.14285714285714,0.666666666666667,0.142857142857143,1,1,4,3,2,2,0,"Business Association",0,70,30
"584",584,"EU0584",2.33333333333333,2,1.33333333333333,1,0.4,0,4,3,2,3,0,"Trade Association",122,50,50
"585",585,"EU0585",2.66666666666667,2.14285714285714,1.66666666666667,1.14285714285714,0,0,3,3,3,2,0,"Business Association",6,50,50
"586",586,"EU0586",NA,NA,NA,NA,NA,NA,NA,NA,NA,NA,NA,"Citizen Group",NA,NA,NA
"587",587,"EU0587",1.33333333333333,2.57142857142857,0.333333333333333,1.57142857142857,0,1,4,2,3,3,0,"Business Association",1,20,80
"588",588,"EU0588",2.5,1.57142857142857,1.5,0.571428571428571,1,0,4,2,3,3,0,"Business Association",5,90,10
"589",589,"EU0589",2,2.71428571428571,1,1.71428571428571,1,0,3,NA,3,3,1,"Rest",75,50,50
"590",590,"EU0590",2.16666666666667,2.14285714285714,1.16666666666667,1.14285714285714,0.6,0,2,3,2,1,0,"Business Association",11,80,20
"591",591,"EU0591",2.83333333333333,2,1.83333333333333,1,NA,0,4,3,3,3,0,"Business Association",2,15,85
"592",592,"EU0592",1.83333333333333,1.57142857142857,0.833333333333333,0.571428571428571,NA,0,4,2,2,3,NA,"Business Association",1,95,5
"593",593,"EU0593",2,2,1,1,NA,0,4,3,3,1,1,"Rest",18,80,20
"594",594,"EU0594",1.5,1.57142857142857,0.5,0.571428571428571,0.8,0,4,3,2,2,NA,"Business Association",2,15,85
"595",595,"EU0595",2,1.85714285714286,1,0.857142857142857,1,1,4,3,2,3,1,"Business Association",2,75,25
"596",596,"EU0596",3,1.71428571428571,2,0.714285714285714,0.4,0,4,3,3,2,NA,"Business Association",16,75,25
"597",597,"EU0597",NA,NA,NA,NA,0.8,0,NA,NA,2,3,0,"Trade Association",31,NA,NA
"598",598,"EU0598",2,1.85714285714286,1,0.857142857142857,NA,0,3,3,2,2,NA,"Citizen Group",12,50,50
"599",599,"EU0599",2,2,1,1,0.8,0,4,4,3,3,0,"Business Association",4,50,50
"600",600,"EU0600",1.5,1.42857142857143,0.5,0.428571428571429,1,1,NA,4,3,3,NA,"Citizen Group",10,30,60
"601",601,"EU0601",1.33333333333333,1.71428571428571,0.333333333333333,0.714285714285714,0,0.5,4,1,2,2,0,"Business Association",3,50,50
"602",602,"EU0602",2,1.85714285714286,1,0.857142857142857,1,0.5,4,3,3,2,1,"Business Association",11,60,40
"603",603,"EU0603",3,2.57142857142857,2,1.57142857142857,0.8,0,4,3,3,3,1,"Citizen Group",11,40,60
"604",604,"EU0604",3,1.57142857142857,2,0.571428571428571,1,1,NA,3,3,1,0,"Rest",137,100,0
"605",605,"EU0605",3.66666666666667,1.85714285714286,2.66666666666667,0.857142857142857,0.4,0,4,2,3,3,NA,"Business Association",2,85,15
"606",606,"EU0606",3,2,2,1,1,1,3,3,3,3,1,"Business Association",1,90,10
"607",607,"EU0607",1.33333333333333,2,0.333333333333333,1,0,0,4,2,3,1,0,"Citizen Group",12,50,50
"608",608,"EU0608",NA,NA,NA,NA,NA,NA,NA,NA,NA,NA,NA,"Citizen Group",NA,NA,NA
"609",609,"EU0609",1.33333333333333,2,0.333333333333333,1,1,1,4,2,3,3,1,"Business Association",1,100,0
"610",610,"EU0610",2,1.85714285714286,1,0.857142857142857,NA,NA,3,2,3,3,NA,"Citizen Group",31,31,69
"611",611,"EU0611",3.83333333333333,3,2.83333333333333,2,1,0,4,3,3,1,0,"Business Association",2,60,40
"612",612,"EU0612",1.83333333333333,3,0.833333333333333,2,0,0,4,NA,3,3,0,"Rest",181,40,60
"613",613,"EU0613",NA,NA,NA,NA,NA,NA,NA,NA,1,1,NA,"Rest",NA,NA,NA
"614",614,"EU0614",1.16666666666667,1.85714285714286,0.166666666666667,0.857142857142857,0,1,NA,NA,3,3,0,"Business Association",6,NA,NA
"615",615,"EU0615",NA,NA,NA,NA,1,NA,NA,NA,NA,NA,NA,"Business Association",NA,NA,NA
"616",616,"EU0616",3.83333333333333,1.57142857142857,2.83333333333333,0.571428571428571,0,0,4,2,3,3,0,"Business Association",4,90,10
"617",617,"EU0617",2.16666666666667,1.14285714285714,1.16666666666667,0.142857142857143,0.2,0,2,3,3,3,0,"Business Association",41,85,15
"618",618,"EU0618",1,1,0,0,1,1,4,4,2,1,0,"Trade Association",31,50,50
"619",619,"EU0619",4.33333333333333,3.42857142857143,3.33333333333333,2.42857142857143,0,0.5,4,4,3,3,0,"Business Association",11,70,30
"620",620,"EU0620",NA,NA,NA,NA,NA,NA,NA,NA,NA,NA,NA,"Business Association",NA,NA,NA
"621",621,"EU0621",NA,NA,NA,NA,NA,NA,NA,NA,NA,NA,NA,"Citizen Group",NA,NA,NA
"622",622,"EU0622",2.5,2.14285714285714,1.5,1.14285714285714,NA,0.5,4,3,3,3,1,"Business Association",30,80,20
"623",623,"EU0623",NA,NA,NA,NA,0.4,0,NA,NA,3,2,NA,"Citizen Group",11,NA,NA
"624",624,"EU0624",NA,NA,NA,NA,NA,NA,NA,NA,NA,NA,NA,"Rest",NA,NA,NA
"625",625,"EU0625",1.66666666666667,1.57142857142857,0.666666666666667,0.571428571428571,NA,NA,4,3,3,3,0,"Rest",8,50,50
"626",626,"EU0626",1.66666666666667,2,0.666666666666667,1,0.6,0,3,2,2,2,1,"Business Association",4,5,95
"627",627,"EU0627",NA,NA,NA,NA,0,NA,NA,NA,2,3,NA,"Business Association",2,NA,NA
"628",628,"EU0628",1.83333333333333,2.57142857142857,0.833333333333333,1.57142857142857,0.4,0,4,3,3,1,1,"Rest",10,40,60
"629",629,"EU0629",1.33333333333333,1.28571428571429,0.333333333333333,0.285714285714286,0.8,NA,1,NA,3,3,0,"Citizen Group",29,80,10
"630",630,"EU0630",3,2.42857142857143,2,1.42857142857143,NA,0,2,3,3,2,0,"Rest",75,65,35
"631",631,"EU0631",2.16666666666667,2,1.16666666666667,1,NA,0,4,4,3,3,0,"Citizen Group",1040,40,60
"632",632,"EU0632",NA,NA,NA,NA,NA,NA,NA,NA,NA,NA,NA,"Citizen Group",NA,NA,NA
"633",633,"EU0633",1.33333333333333,1.85714285714286,0.333333333333333,0.857142857142857,1,1,4,2,1,3,0,"Business Association",12,99,1
"634",634,"EU0634",1,2,0,1,0,0,3,NA,2,2,0,"Rest",19,50,50
"635",635,"EU0635",1.16666666666667,2,0.166666666666667,1,0.4,0,4,NA,1,2,0,"Business Association",4,30,70
"636",636,"EU0636",1.33333333333333,1.57142857142857,0.333333333333333,0.571428571428571,NA,0,NA,3,3,3,NA,"Citizen Group",10,20,80
"637",637,"EU0637",NA,NA,NA,NA,0.2,1,NA,NA,NA,NA,NA,"Citizen Group",NA,NA,NA
"638",638,"EU0638",NA,NA,NA,NA,NA,NA,NA,NA,NA,NA,NA,"Business Association",NA,NA,NA
"639",639,"EU0639",2.33333333333333,1.71428571428571,1.33333333333333,0.714285714285714,0.2,0,2,3,3,1,NA,"Citizen Group",6,40,60
"640",640,"EU0640",1,3,0,2,NA,0,3,NA,3,1,1,"Citizen Group",131,50,50
"641",641,"EU0641",2.66666666666667,1.42857142857143,1.66666666666667,0.428571428571429,0.8,0,3,NA,3,3,NA,"Rest",2,60,30
"642",642,"EU0642",NA,NA,NA,NA,NA,NA,NA,NA,NA,NA,NA,"Business Association",NA,NA,NA
"643",643,"EU0643",NA,NA,NA,NA,NA,NA,NA,4,2,2,NA,"Business Association",NA,NA,NA
"644",644,"EU0644",NA,NA,NA,NA,NA,NA,NA,NA,NA,NA,NA,"Citizen Group",NA,NA,NA
"645",645,"EU0645",1.5,1.57142857142857,0.5,0.571428571428571,0.4,0,NA,2,2,2,0,"Business Association",5,20,80
"646",646,"EU0646",1,1.57142857142857,0,0.571428571428571,NA,0,2,2,2,1,0,"Rest",12,50,50
"647",647,"EU0647",4,1.57142857142857,3,0.571428571428571,0.2,1,4,4,2,3,0,"Business Association",1,70,30
"648",648,"EU0648",NA,1.14285714285714,NA,0.142857142857143,NA,NA,4,NA,1,1,NA,"Trade Association",NA,NA,NA
"649",649,"EU0649",NA,NA,NA,NA,NA,NA,NA,NA,NA,NA,NA,"Trade Association",NA,NA,NA
"650",650,"EU0650",1.5,1.42857142857143,0.5,0.428571428571429,NA,NA,NA,3,3,1,1,"Rest",10,50,50
"651",651,"EU0651",1,2.85714285714286,0,1.85714285714286,NA,NA,NA,2,3,1,0,"Trade Association",80,NA,NA
"652",652,"EU0652",1.66666666666667,1.71428571428571,0.666666666666667,0.714285714285714,0,0.5,4,2,3,3,1,"Business Association",3002,45,55
"653",653,"EU0653",NA,NA,NA,NA,NA,1,NA,NA,3,1,NA,"Citizen Group",10,NA,NA
"654",654,"EU0654",1,1.28571428571429,0,0.285714285714286,0.8,0.5,NA,NA,1,2,0,"Business Association",13,NA,NA
"655",655,"EU0655",NA,NA,NA,NA,NA,0.5,NA,NA,NA,NA,NA,"Citizen Group",NA,NA,NA
"656",656,"EU0656",1.66666666666667,1,0.666666666666667,0,1,1,3,3,3,1,0,"Business Association",3,10,90
"657",657,"EU0657",2.66666666666667,3.57142857142857,1.66666666666667,2.57142857142857,NA,0,2,3,3,3,0,"Business Association",54,80,20
"658",658,"EU0658",NA,NA,NA,NA,NA,NA,NA,NA,NA,NA,NA,"Citizen Group",NA,NA,NA
"659",659,"EU0659",2.16666666666667,1.71428571428571,1.16666666666667,0.714285714285714,0.2,0,3,3,3,3,0,"Citizen Group",6,70,30
"660",660,"EU0660",NA,NA,NA,NA,NA,0.5,NA,NA,3,1,0,"Rest",2,NA,NA
"661",661,"EU0661",1.83333333333333,1.57142857142857,0.833333333333333,0.571428571428571,0,0,NA,4,3,3,NA,"Business Association",3,60,40
"662",662,"EU0662",2,1.57142857142857,1,0.571428571428571,0.4,0,4,NA,3,2,0,"Rest",20,80,20
"663",663,"EU0663",NA,NA,NA,NA,1,1,NA,NA,3,3,0,"Citizen Group",6,NA,NA
"664",664,"EU0664",2.66666666666667,2,1.66666666666667,1,0.6,0,4,3,1,1,NA,"Rest",10,80,20
"665",665,"EU0665",1.33333333333333,1.28571428571429,0.333333333333333,0.285714285714286,NA,NA,4,NA,3,2,0,"Rest",1,60,30
"666",666,"EU0666",NA,NA,NA,NA,0.8,0.5,NA,NA,3,3,NA,"Business Association",NA,NA,NA
"667",667,"EU0667",1.83333333333333,1.28571428571429,0.833333333333333,0.285714285714286,1,0,4,1,3,1,0,"Trade Association",21,65,35
"668",668,"EU0668",2.83333333333333,1.71428571428571,1.83333333333333,0.714285714285714,NA,1,3,3,3,3,1,"Rest",9,50,50
"669",669,"EU0669",4.16666666666667,3.28571428571429,3.16666666666667,2.28571428571429,NA,0,4,3,3,3,0,"Business Association",3,50,50
"670",670,"EU0670",2.33333333333333,2.28571428571429,1.33333333333333,1.28571428571429,NA,1,2,4,3,3,1,"Citizen Group",17,40,60
"671",671,"EU0671",1,1,0,0,0,0,NA,NA,3,2,1,"Citizen Group",5,0,100
"672",672,"EU0672",1.16666666666667,1.28571428571429,0.166666666666667,0.285714285714286,1,1,NA,NA,3,1,NA,"Business Association",0,100,0
"673",673,"EU0673",NA,NA,NA,NA,NA,NA,NA,NA,NA,NA,NA,"Citizen Group",NA,NA,NA
"674",674,"EU0674",1.83333333333333,1.57142857142857,0.833333333333333,0.571428571428571,NA,0.5,NA,3,3,1,0,"Citizen Group",3,50,50
"675",675,"EU0675",1,1,0,0,NA,0,NA,NA,1,2,0,"Trade Association",9,NA,NA
"676",676,"EU0676",1.66666666666667,2.57142857142857,0.666666666666667,1.57142857142857,0,0,1,4,3,1,0,"Citizen Group",22,50,50
"677",677,"EU0677",NA,NA,NA,NA,NA,NA,NA,NA,NA,NA,NA,"Rest",NA,NA,NA
"678",678,"EU0678",1.66666666666667,3.42857142857143,0.666666666666667,2.42857142857143,0.6,0,3,3,2,3,0,"Business Association",30,50,50
"679",679,"EU0679",1.16666666666667,2.71428571428571,0.166666666666667,1.71428571428571,NA,1,3,2,3,3,0,"Business Association",2,50,50
"680",680,"EU0680",3,2.14285714285714,2,1.14285714285714,0.4,0,3,4,3,3,NA,"Citizen Group",8,70,30
"681",681,"EU0681",2.33333333333333,2.14285714285714,1.33333333333333,1.14285714285714,NA,NA,3,4,3,2,NA,"Citizen Group",10,90,10
"682",682,"EU0682",2.83333333333333,2,1.83333333333333,1,NA,NA,2,2,3,2,0,"Citizen Group",2,NA,NA
"683",683,"EU0683",1.33333333333333,1.71428571428571,0.333333333333333,0.714285714285714,0,0,3,1,3,1,1,"Business Association",8,75,25
"684",684,"EU0684",3.66666666666667,3.14285714285714,2.66666666666667,2.14285714285714,NA,0.5,4,2,2,3,0,"Business Association",5,20,80
"685",685,"EU0685",1.33333333333333,1.85714285714286,0.333333333333333,0.857142857142857,NA,NA,3,NA,2,3,NA,"Trade Association",0,50,50
"686",686,"EU0686",1.66666666666667,1.28571428571429,0.666666666666667,0.285714285714286,1,0,4,3,3,3,1,"Rest",6,70,30
"687",687,"EU0687",3.16666666666667,1,2.16666666666667,0,0,0,4,3,3,3,0,"Business Association",134,80,20
"688",688,"EU0688",1.16666666666667,1.57142857142857,0.166666666666667,0.571428571428571,0,0,4,4,3,3,0,"Business Association",2,50,50
"689",689,"EU0689",4.33333333333333,2.42857142857143,3.33333333333333,1.42857142857143,1,1,2,1,3,3,0,"Business Association",4,60,30
"690",690,"EU0690",2.16666666666667,1.85714285714286,1.16666666666667,0.857142857142857,0.8,0,NA,NA,2,3,0,"Business Association",1,90,10
"691",691,"EU0691",NA,NA,NA,NA,NA,0.5,NA,NA,3,3,1,"Citizen Group",21,NA,NA
"692",692,"EU0692",1.5,1.85714285714286,0.5,0.857142857142857,NA,0,3,4,3,3,0,"Rest",3,50,50
"693",693,"EU0693",3,1.42857142857143,2,0.428571428571429,1,1,4,2,2,3,0,"Business Association",2,40,50
"694",694,"EU0694",NA,NA,NA,NA,NA,NA,NA,NA,NA,NA,NA,"Business Association",NA,NA,NA
"695",695,"EU0695",NA,NA,NA,NA,0.4,NA,NA,NA,1,1,0,"Business Association",2,NA,NA
"696",696,"EU0696",1.83333333333333,2,0.833333333333333,1,0.6,0,4,4,1,3,1,"Business Association",6,90,10
"697",697,"EU0697",2.5,1.85714285714286,1.5,0.857142857142857,0.2,0,4,2,3,3,0,"Trade Association",89,60,40
"698",698,"EU0698",NA,NA,NA,NA,NA,NA,NA,NA,NA,NA,NA,"Rest",NA,NA,NA
"699",699,"EU0699",1.33333333333333,1.42857142857143,0.333333333333333,0.428571428571429,NA,1,3,3,3,1,NA,"Business Association",1,80,20
"700",700,"EU0700",NA,2.28571428571429,NA,1.28571428571429,0.4,0,NA,NA,3,2,NA,"Citizen Group",30,NA,NA
"701",701,"EU0701",NA,NA,NA,NA,NA,0,NA,NA,3,2,0,"Rest",7,NA,NA
"702",702,"EU0702",1,1.14285714285714,0,0.142857142857143,NA,0,NA,NA,3,1,0,"Citizen Group",11,50,50
"703",703,"EU0703",2.66666666666667,3,1.66666666666667,2,0.4,0,3,4,3,3,1,"Business Association",39,40,60
"704",704,"EU0704",NA,NA,NA,NA,NA,NA,NA,NA,1,1,0,"Trade Association",14,NA,NA
"705",705,"EU0705",NA,NA,NA,NA,NA,NA,NA,NA,3,1,NA,"Rest",NA,NA,NA
"706",706,"EU0706",1.83333333333333,1.71428571428571,0.833333333333333,0.714285714285714,0,0,4,2,3,3,0,"Citizen Group",83,60,40
"707",707,"EU0707",3.5,NA,2.5,NA,NA,NA,NA,NA,3,3,0,"Citizen Group",63,NA,NA
"708",708,"EU0708",2.66666666666667,2.85714285714286,1.66666666666667,1.85714285714286,0.4,0,2,3,3,2,NA,"Citizen Group",15,35,65
"709",709,"EU0709",1,1.14285714285714,0,0.142857142857143,0.6,0,4,4,3,3,1,"Rest",4,60,40
"710",710,"EU0710",3.83333333333333,2.71428571428571,2.83333333333333,1.71428571428571,1,0.5,4,3,3,3,0,"Business Association",10,75,25
"711",711,"EU0711",3.66666666666667,2.28571428571429,2.66666666666667,1.28571428571429,0.2,0,NA,NA,3,3,1,"Citizen Group",6,60,40
"712",712,"EU0712",1.16666666666667,1.14285714285714,0.166666666666667,0.142857142857143,0.8,0,3,2,2,2,0,"Business Association",1,20,80
"713",713,"EU0713",2,1.71428571428571,1,0.714285714285714,0.8,0,4,4,1,3,0,"Citizen Group",11,90,10
"714",714,"EU0714",2.33333333333333,2.14285714285714,1.33333333333333,1.14285714285714,1,1,3,3,3,2,0,"Rest",9,50,50
"715",715,"EU0715",1.66666666666667,1.42857142857143,0.666666666666667,0.428571428571429,0.8,0,NA,NA,1,2,0,"Trade Association",16,NA,NA
"716",716,"EU0716",NA,NA,NA,NA,0.4,NA,NA,NA,NA,NA,NA,"Citizen Group",NA,NA,NA
"717",717,"EU0717",NA,NA,NA,NA,NA,NA,NA,NA,NA,NA,NA,"Rest",NA,NA,NA
"718",718,"EU0718",NA,NA,NA,NA,NA,NA,NA,NA,NA,NA,NA,"Rest",NA,NA,NA
"719",719,"EU0719",NA,1.85714285714286,NA,0.857142857142857,NA,0.5,NA,NA,1,3,1,"Rest",2,NA,NA
"720",720,"EU0720",NA,NA,NA,NA,NA,NA,NA,NA,NA,NA,NA,"Rest",NA,NA,NA
"721",721,"EU0721",1.83333333333333,2.71428571428571,0.833333333333333,1.71428571428571,1,0,4,NA,3,3,NA,"Citizen Group",NA,50,50
"722",722,"EU0722",1,1,0,0,NA,NA,NA,NA,1,2,NA,"Citizen Group",6,NA,NA
"723",723,"EU0723",NA,NA,NA,NA,0.6,1,NA,NA,NA,NA,NA,"Citizen Group",NA,NA,NA
"724",724,"EU0724",NA,NA,NA,NA,NA,NA,NA,NA,NA,NA,NA,"Rest",NA,NA,NA
"725",725,"EU0725",NA,NA,NA,NA,NA,NA,NA,NA,NA,NA,NA,"Citizen Group",NA,NA,NA
"726",726,"EU0726",NA,NA,NA,NA,0.4,0,NA,NA,3,3,0,"Business Association",10,NA,NA
"727",727,"EU0727",1,1,0,0,0.8,0,4,3,3,3,NA,"Business Association",0,20,80
"728",728,"EU0728",1.33333333333333,1.28571428571429,0.333333333333333,0.285714285714286,0.6,0.5,4,NA,3,3,0,"Business Association",1,80,20
"729",729,"EU0729",1.5,1.57142857142857,0.5,0.571428571428571,0.6,0,4,NA,3,3,0,"Business Association",2,70,30
"730",730,"EU0730",2.33333333333333,2,1.33333333333333,1,0.4,0.5,4,3,3,3,0,"Business Association",9,NA,NA
"731",731,"EU0731",1.16666666666667,1.71428571428571,0.166666666666667,0.714285714285714,0.4,0.5,2,1,1,2,NA,"Rest",2,10,90
"732",732,"EU0732",NA,NA,NA,NA,NA,NA,NA,NA,NA,NA,NA,"Citizen Group",NA,NA,NA
"733",733,"EU0733",1.16666666666667,1.14285714285714,0.166666666666667,0.142857142857143,0.8,1,1,3,3,2,1,"Citizen Group",7,10,90
"734",734,"EU0734",NA,3,NA,2,0.4,0,2,3,3,2,NA,"Business Association",9,80,20
"735",735,"EU0735",NA,NA,NA,NA,1,NA,NA,NA,NA,NA,NA,"Business Association",NA,NA,NA
"736",736,"EU0736",2.66666666666667,2.85714285714286,1.66666666666667,1.85714285714286,1,0,4,3,3,3,1,"Rest",7,70,30
"737",737,"EU0737",NA,1.71428571428571,NA,0.714285714285714,1,1,NA,NA,3,1,NA,"Business Association",3,NA,NA
"738",738,"EU0738",NA,1,NA,0,0.6,1,NA,NA,3,3,NA,"Citizen Group",7,NA,NA
"739",739,"EU0739",1.66666666666667,1.42857142857143,0.666666666666667,0.428571428571429,0,0,NA,NA,1,1,0,"Business Association",18,NA,NA
"740",740,"EU0740",3,3.85714285714286,2,2.85714285714286,0.8,0,3,4,3,3,1,"Citizen Group",6,30,70
"741",741,"EU0741",1.5,1,0.5,0,1,1,4,2,3,3,NA,"Trade Association",4,100,0
"742",742,"EU0742",1.33333333333333,1,0.333333333333333,0,NA,1,2,NA,2,2,NA,"Citizen Group",5,0,100
"743",743,"EU0743",1.66666666666667,1.71428571428571,0.666666666666667,0.714285714285714,NA,NA,4,4,2,1,0,"Business Association",4,20,80
"744",744,"EU0744",NA,1,NA,0,1,0,NA,NA,2,2,NA,"Citizen Group",0,NA,NA
"745",745,"EU0745",4,2.85714285714286,3,1.85714285714286,0.8,0,4,2,3,3,1,"Business Association",89,80,20
"746",746,"EU0746",1.33333333333333,1,0.333333333333333,0,0.8,0,3,NA,2,1,NA,"Citizen Group",NA,NA,NA
"747",747,"EU0747",3,3.42857142857143,2,2.42857142857143,1,1,4,3,3,3,1,"Rest",42,40,60
"748",748,"EU0748",2.33333333333333,1.71428571428571,1.33333333333333,0.714285714285714,0.6,0,3,3,3,3,1,"Citizen Group",5,70,30
"749",749,"EU0749",1.33333333333333,1.57142857142857,0.333333333333333,0.571428571428571,0.8,0,4,NA,3,1,0,"Trade Association",232,NA,NA
"750",750,"EU0750",1.83333333333333,1.57142857142857,0.833333333333333,0.571428571428571,NA,0,3,NA,3,2,0,"Trade Association",227,50,50
"751",751,"EU0751",1,1,0,0,1,0,3,NA,2,2,0,"Business Association",1,80,20
"752",752,"EU0752",2.83333333333333,3,1.83333333333333,2,NA,1,4,3,3,3,0,"Trade Association",6,50,50
"753",753,"EU0753",1,1,0,0,1,0,NA,NA,2,2,1,"Citizen Group",93,50,50
"754",754,"EU0754",1.66666666666667,2,0.666666666666667,1,0.6,0.5,4,4,3,3,1,"Citizen Group",12,60,40
"755",755,"EU0755",1.16666666666667,1.42857142857143,0.166666666666667,0.428571428571429,0.8,0.5,2,3,3,3,NA,"Citizen Group",5,5,95
"756",756,"EU0756",NA,NA,NA,NA,0.4,0,NA,NA,3,3,1,"Rest",11,NA,NA
"757",757,"EU0757",1.5,1.42857142857143,0.5,0.428571428571429,1,1,4,2,1,3,NA,"Business Association",10,90,10
"758",758,"EU0758",3,4,2,3,NA,0,NA,4,3,3,1,"Citizen Group",16000,90,10
"759",759,"EU0759",NA,NA,NA,NA,NA,NA,NA,NA,NA,NA,NA,"Business Association",NA,NA,NA
"760",760,"EU0760",1.5,1.71428571428571,0.5,0.714285714285714,0.4,0.5,2,3,2,2,0,"Citizen Group",18,NA,NA
"761",761,"EU0761",NA,NA,NA,NA,0,0,NA,NA,1,1,0,"Rest",12,NA,NA
"762",762,"EU0762",NA,NA,NA,NA,1,0,NA,NA,2,2,0,"Rest",21,NA,NA
"763",763,"EU0763",1.33333333333333,1.57142857142857,0.333333333333333,0.571428571428571,0.8,1,NA,NA,3,3,0,"Citizen Group",1,NA,NA
"764",764,"EU0764",NA,NA,NA,NA,1,0.5,NA,NA,1,3,1,"Business Association",75,NA,NA
"765",765,"EU0765",1.5,1.28571428571429,0.5,0.285714285714286,0.8,0,4,3,3,3,1,"Rest",95,20,80
"766",766,"EU0766",1,2,0,1,NA,1,2,4,3,3,0,"Business Association",19,50,50
"767",767,"EU0767",1.83333333333333,2,0.833333333333333,1,1,1,3,NA,3,3,1,"Citizen Group",16,20,80
"768",768,"EU0769",1.5,1.42857142857143,0.5,0.428571428571429,1,0,3,2,2,2,0,"Rest",1,80,20
"769",769,"EU0770",3.5,4.14285714285714,2.5,3.14285714285714,NA,0,4,NA,3,1,0,"Citizen Group",25,50,50
"770",770,"EU0771",2.16666666666667,1.42857142857143,1.16666666666667,0.428571428571429,1,1,4,2,3,3,0,"Business Association",1,90,10
"771",771,"EU0772",NA,NA,NA,NA,NA,NA,NA,NA,NA,NA,NA,"Business Association",NA,NA,NA
"772",772,"EU0773",NA,NA,NA,NA,0.8,NA,NA,NA,1,1,0,"Business Association",12,NA,NA
"773",773,"EU0774",2.66666666666667,2.42857142857143,1.66666666666667,1.42857142857143,0.8,0,4,1,3,2,1,"Business Association",7,60,40
"774",774,"EU0775",1.5,1.28571428571429,0.5,0.285714285714286,0.8,0,NA,NA,3,3,0,"Rest",52,100,0
"775",775,"EU0776",2.83333333333333,2.14285714285714,1.83333333333333,1.14285714285714,0.6,0,2,3,3,2,1,"Trade Association",7,65,35
"776",776,"EU0777",2.83333333333333,NA,1.83333333333333,NA,1,0,NA,NA,3,3,0,"Rest",25,NA,NA
"777",777,"EU0778",4,NA,3,NA,0.4,0,NA,NA,3,3,0,"Business Association",23,NA,NA
"778",778,"EU0779",4,3.28571428571429,3,2.28571428571429,0.8,1,4,3,3,3,1,"Business Association",12,90,10
"779",779,"EU0780",1.5,NA,0.5,NA,NA,0.5,4,NA,3,3,NA,"Business Association",5,NA,NA
"780",780,"EU0781",3,1.71428571428571,2,0.714285714285714,0.8,1,4,2,3,2,0,"Business Association",3,75,25
"781",781,"EU0782",2.5,2.71428571428571,1.5,1.71428571428571,0,NA,4,NA,3,3,1,"Business Association",25,10,90
"782",782,"EU0783",NA,NA,NA,NA,NA,NA,NA,NA,NA,NA,NA,"Business Association",NA,NA,NA
"783",783,"EU0784",NA,NA,NA,NA,NA,NA,NA,NA,3,1,0,"Trade Association",8,NA,NA
"784",784,"EU0785",1,1.71428571428571,0,0.714285714285714,NA,NA,NA,NA,2,2,0,"Business Association",6,100,0
"785",785,"EU0786",4.66666666666667,4,3.66666666666667,3,0,0,3,4,3,3,1,"Rest",50,NA,NA
"786",786,"EU0787",NA,NA,NA,NA,NA,NA,NA,NA,2,3,1,"Citizen Group",180,NA,NA
"787",787,"EU0788",1.66666666666667,1.57142857142857,0.666666666666667,0.571428571428571,0,0,4,2,3,3,1,"Citizen Group",42,70,30
"788",788,"EU0789",NA,NA,NA,NA,NA,NA,NA,NA,NA,NA,NA,"Business Association",NA,NA,NA
"789",789,"EU0790",NA,NA,NA,NA,NA,NA,NA,NA,NA,NA,NA,"Business Association",NA,NA,NA
"790",790,"EU0791",3,3.71428571428571,2,2.71428571428571,NA,0,4,4,3,3,1,"Citizen Group",7,90,10
"791",791,"EU0792",1.66666666666667,3,0.666666666666667,2,1,1,4,3,1,3,0,"Business Association",1007,80,20
"792",792,"EU0793",4.33333333333333,4.57142857142857,3.33333333333333,3.57142857142857,0.6,1,3,4,3,3,1,"Business Association",2155,80,20
"793",793,"EU0794",NA,NA,NA,NA,NA,NA,NA,NA,NA,NA,NA,"Business Association",NA,NA,NA
"794",794,"EU0795",3.16666666666667,3,2.16666666666667,2,NA,0,4,4,3,3,1,"Citizen Group",8,80,20
"795",795,"EU0796",2.5,2.28571428571429,1.5,1.28571428571429,0.4,1,4,4,3,3,1,"Citizen Group",6,20,80
"796",796,"EU0797",NA,NA,NA,NA,NA,NA,NA,NA,2,2,NA,"Business Association",NA,NA,NA
"797",797,"EU0798",1.33333333333333,2.57142857142857,0.333333333333333,1.57142857142857,0.8,0.5,2,2,3,2,0,"Citizen Group",5,10,90
"798",798,"EU0799",NA,NA,NA,NA,NA,NA,NA,NA,NA,NA,NA,"Rest",NA,NA,NA
"799",799,"EU0800",NA,NA,NA,NA,0.8,0,NA,NA,3,3,NA,"Citizen Group",NA,NA,NA
"800",800,"EU0801",2.83333333333333,3.42857142857143,1.83333333333333,2.42857142857143,NA,1,4,3,3,3,1,"Business Association",85,NA,NA
"801",801,"EU0802",2,2.57142857142857,1,1.57142857142857,NA,NA,3,NA,3,2,1,"Rest",4,40,60
"802",802,"EU0803",NA,1.57142857142857,NA,0.571428571428571,0,0,NA,NA,3,3,1,"Rest",14,NA,NA
"803",803,"EU0804",1.83333333333333,1.28571428571429,0.833333333333333,0.285714285714286,0,0.5,4,1,1,3,1,"Trade Association",6,100,0
"804",804,"EU0805",3.33333333333333,2.14285714285714,2.33333333333333,1.14285714285714,0.8,0,3,4,3,3,0,"Rest",5,30,70
"805",805,"EU0806",3.83333333333333,3.14285714285714,2.83333333333333,2.14285714285714,0.4,0,1,2,3,3,0,"Citizen Group",2,60,40
"806",806,"EU0807",2.66666666666667,3.71428571428571,1.66666666666667,2.71428571428571,0.4,0,NA,4,3,3,1,"Business Association",22,30,70
"807",807,"EU0808",2.33333333333333,2.14285714285714,1.33333333333333,1.14285714285714,1,1,3,3,2,2,0,"Business Association",4,80,20
"808",808,"EU0809",2.5,2.57142857142857,1.5,1.57142857142857,1,0,NA,4,3,3,1,"Citizen Group",14,70,30
"809",809,"EU0810",1.83333333333333,1.42857142857143,0.833333333333333,0.428571428571429,NA,0,NA,NA,3,3,NA,"Trade Association",6,NA,NA
"810",810,"EU0811",2.83333333333333,2,1.83333333333333,1,0.6,0,NA,NA,3,3,1,"Citizen Group",108,30,70
"811",811,"EU0812",1.5,2.28571428571429,0.5,1.28571428571429,NA,NA,4,4,3,1,1,"Citizen Group",3,25,75
"812",812,"EU0813",1.83333333333333,1.85714285714286,0.833333333333333,0.857142857142857,0.8,0.5,1,4,3,2,0,"Citizen Group",111,30,70
"813",813,"EU0814",1.66666666666667,2,0.666666666666667,1,0.8,0.5,4,1,3,1,0,"Rest",7,80,20
"814",814,"EU0815",NA,NA,NA,NA,NA,NA,NA,NA,NA,NA,NA,"Citizen Group",NA,NA,NA
"815",815,"EU0816",NA,NA,NA,NA,NA,NA,NA,NA,NA,NA,NA,"Trade Association",NA,NA,NA
"816",816,"EU0817",NA,NA,NA,NA,1,0,NA,NA,NA,NA,NA,"Business Association",NA,NA,NA
"817",817,"EU0818",3,NA,2,NA,0.6,0,NA,NA,3,2,1,"Business Association",16,NA,NA
"818",818,"EU0819",2,2.85714285714286,1,1.85714285714286,NA,0,3,4,3,3,1,"Citizen Group",125,40,60
"819",819,"EU0820",NA,NA,NA,NA,NA,NA,NA,NA,NA,NA,NA,"Citizen Group",NA,NA,NA
"820",820,"EU0821",3,2.42857142857143,2,1.42857142857143,1,1,3,3,3,3,1,"Business Association",24,80,20
"821",821,"EU0822",NA,NA,NA,NA,0.2,0,NA,NA,NA,NA,NA,"Business Association",NA,NA,NA
"822",822,"EU0823",NA,NA,NA,NA,NA,NA,NA,NA,NA,NA,NA,"Business Association",NA,NA,NA
"823",823,"EU0824",2.66666666666667,2.14285714285714,1.66666666666667,1.14285714285714,0.6,0.5,3,3,3,1,0,"Citizen Group",11,90,10
"824",824,"EU0825",3.5,2.14285714285714,2.5,1.14285714285714,0.8,0.5,3,3,2,3,0,"Rest",6,90,10
"825",825,"EU0826",NA,NA,NA,NA,0.8,NA,NA,NA,1,1,0,"Citizen Group",3,NA,NA
"826",826,"EU0827",4,2.14285714285714,3,1.14285714285714,1,0.5,NA,3,3,2,0,"Business Association",5,95,5
"827",827,"EU0828",NA,NA,NA,NA,NA,NA,NA,NA,NA,NA,NA,"Business Association",NA,NA,NA
"828",828,"EU0829",1.5,1.71428571428571,0.5,0.714285714285714,1,0.5,4,3,3,3,NA,"Trade Association",7,70,30
"829",829,"EU0830",3.16666666666667,2.42857142857143,2.16666666666667,1.42857142857143,NA,0,NA,NA,3,3,NA,"Rest",NA,NA,NA
"830",830,"EU0831",1.66666666666667,2.14285714285714,0.666666666666667,1.14285714285714,0.8,NA,2,4,3,3,1,"Rest",8,30,70
"831",831,"EU0832",2.66666666666667,2.85714285714286,1.66666666666667,1.85714285714286,NA,0,4,1,3,1,0,"Trade Association",49,65,35
"832",832,"EU0833",1.16666666666667,2.57142857142857,0.166666666666667,1.57142857142857,0.6,0,3,NA,3,3,0,"Trade Association",106,10,90
"833",833,"EU0834",1.66666666666667,1.57142857142857,0.666666666666667,0.571428571428571,NA,0,NA,NA,3,2,1,"Citizen Group",7,70,30
"834",834,"EU0835",3,2.85714285714286,2,1.85714285714286,0.8,1,2,3,1,3,1,"Business Association",3,60,40
"835",835,"EU0836",3.5,3.14285714285714,2.5,2.14285714285714,NA,NA,4,2,2,3,1,"Business Association",6,60,40
"836",836,"EU0837",1.33333333333333,1,0.333333333333333,0,NA,0,1,1,1,2,NA,"Citizen Group",12,80,20
"837",837,"EU0838",2.33333333333333,2.14285714285714,1.33333333333333,1.14285714285714,NA,1,3,NA,3,1,0,"Trade Association",3,20,80
"838",838,"EU0839",2.66666666666667,2.28571428571429,1.66666666666667,1.28571428571429,NA,0.5,4,NA,3,1,0,"Business Association",6,30,70
"839",839,"EU0840",2.83333333333333,2,1.83333333333333,1,1,1,3,3,3,3,0,"Business Association",20,50,50
"840",840,"EU0841",4,2.57142857142857,3,1.57142857142857,0,0,4,2,3,3,0,"Rest",200,50,50
"841",841,"EU0842",2.66666666666667,2,1.66666666666667,1,NA,NA,4,3,2,2,1,"Rest",480,90,10
"842",842,"EU0843",NA,NA,NA,NA,NA,NA,NA,NA,NA,NA,NA,"Citizen Group",NA,NA,NA
"843",843,"EU0844",1.66666666666667,1.85714285714286,0.666666666666667,0.857142857142857,0,0,NA,3,2,3,1,"Citizen Group",5,NA,NA
"844",844,"EU0845",3,1.42857142857143,2,0.428571428571429,1,1,4,2,3,1,NA,"Business Association",2,90,10
"845",845,"EU0846",2.16666666666667,2.14285714285714,1.16666666666667,1.14285714285714,0.6,1,NA,4,3,3,1,"Rest",84,40,60
"846",846,"EU0847",NA,NA,NA,NA,NA,NA,NA,NA,NA,NA,NA,"Citizen Group",NA,NA,NA
"847",847,"EU0848",NA,NA,NA,NA,0,0,4,NA,2,1,0,"Business Association",1,NA,NA
"848",848,"EU0849",4,3.71428571428571,3,2.71428571428571,NA,0,4,4,3,3,1,"Business Association",103,40,60
"849",849,"EU0850",NA,NA,NA,NA,NA,NA,NA,NA,NA,NA,NA,"Business Association",NA,NA,NA
"850",850,"EU0851",2.5,2.85714285714286,1.5,1.85714285714286,0.6,1,3,4,3,3,1,"Citizen Group",4,50,50
"851",851,"EU0852",2.33333333333333,2.71428571428571,1.33333333333333,1.71428571428571,0.4,0,4,2,1,3,0,"Trade Association",3,50,50
"852",852,"EU0853",3.33333333333333,2.28571428571429,2.33333333333333,1.28571428571429,0.6,0,2,4,3,3,0,"Trade Association",4,65,35
"853",853,"EU0854",1.66666666666667,2.14285714285714,0.666666666666667,1.14285714285714,0.6,0,NA,4,1,1,0,"Trade Association",1,50,50
"854",854,"EU0855",NA,NA,NA,NA,NA,NA,NA,NA,NA,NA,NA,"Rest",NA,NA,NA
"855",855,"EU0856",NA,NA,NA,NA,NA,NA,NA,NA,NA,NA,NA,"Citizen Group",NA,NA,NA
"856",856,"EU0857",2,2.71428571428571,1,1.71428571428571,NA,0,4,2,3,3,1,"Citizen Group",11,10,90
"857",857,"EU0858",2.66666666666667,2.71428571428571,1.66666666666667,1.71428571428571,NA,0,3,4,1,3,1,"Citizen Group",180,50,50
"858",858,"EU0859",1.16666666666667,1.42857142857143,0.166666666666667,0.428571428571429,NA,0.5,NA,NA,3,2,0,"Business Association",13,90,10
"859",859,"EU0860",2.5,2.14285714285714,1.5,1.14285714285714,0,1,4,NA,1,1,1,"Citizen Group",4,50,50
"860",860,"EU0861",1.66666666666667,1.57142857142857,0.666666666666667,0.571428571428571,1,1,4,3,3,3,0,"Business Association",1,80,20
"861",861,"EU0862",2.66666666666667,1.85714285714286,1.66666666666667,0.857142857142857,1,1,4,3,3,3,1,"Rest",31,75,25
"862",862,"EU0863",2,2.57142857142857,1,1.57142857142857,0.8,0,NA,4,3,1,NA,"Citizen Group",11,75,25
"863",863,"EU0864",1.33333333333333,3.14285714285714,0.333333333333333,2.14285714285714,NA,0,4,3,2,3,0,"Business Association",17,50,50
"864",864,"EU0865",NA,NA,NA,NA,1,1,NA,NA,NA,NA,NA,"Citizen Group",NA,NA,NA
"865",865,"EU0866",1.16666666666667,1.57142857142857,0.166666666666667,0.571428571428571,0.6,0.5,3,2,3,2,NA,"Rest",0,10,90
"866",866,"EU0867",NA,NA,NA,NA,NA,NA,NA,NA,NA,NA,NA,"Citizen Group",NA,NA,NA
"867",867,"EU0868",3.5,2.28571428571429,2.5,1.28571428571429,NA,0,3,4,3,3,1,"Rest",7,65,35
"868",868,"EU0869",4,1.85714285714286,3,0.857142857142857,NA,0,4,2,3,3,1,"Rest",8,90,10
"869",869,"EU0870",NA,NA,NA,NA,1,0,NA,NA,3,1,0,"Business Association",3,NA,NA
"870",870,"EU0871",2.33333333333333,2.71428571428571,1.33333333333333,1.71428571428571,0.6,0.5,4,NA,3,3,1,"Citizen Group",18,70,30
"871",871,"EU0872",3.16666666666667,NA,2.16666666666667,NA,NA,1,NA,NA,3,1,1,"Business Association",10,NA,NA
"872",872,"EU0873",NA,NA,NA,NA,0.6,0,NA,NA,3,3,0,"Citizen Group",4,NA,NA
"873",873,"EU0874",4.16666666666667,3,3.16666666666667,2,1,1,4,3,1,3,0,"Business Association",22,70,30
"874",874,"EU0875",2.66666666666667,2.28571428571429,1.66666666666667,1.28571428571429,NA,0,4,2,3,3,0,"Citizen Group",360,35,65
"875",875,"EU0876",1.66666666666667,1.14285714285714,0.666666666666667,0.142857142857143,0.6,0,NA,NA,3,1,NA,"Trade Association",2,100,0
"876",876,"EU0877",NA,NA,NA,NA,NA,NA,NA,NA,NA,NA,NA,"Citizen Group",NA,NA,NA
"877",877,"EU0878",3.33333333333333,2.85714285714286,2.33333333333333,1.85714285714286,0,0.5,4,NA,3,2,0,"Business Association",8,70,30
"878",878,"EU0879",2.33333333333333,1.85714285714286,1.33333333333333,0.857142857142857,1,0,4,NA,3,3,NA,"Business Association",151,95,5
"879",879,"EU0880",2.83333333333333,2.14285714285714,1.83333333333333,1.14285714285714,1,1,3,4,3,3,0,"Citizen Group",3,90,10
"880",880,"EU0881",3.66666666666667,2.71428571428571,2.66666666666667,1.71428571428571,0.6,0,3,3,2,3,1,"Rest",7,80,20
"881",881,"EU0882",3.33333333333333,2.57142857142857,2.33333333333333,1.57142857142857,0.8,0.5,4,3,3,2,0,"Business Association",6,90,10
"882",882,"EU0883",2.66666666666667,1.42857142857143,1.66666666666667,0.428571428571429,0.8,0,4,3,3,1,0,"Business Association",3,80,20
"883",883,"EU0884",NA,NA,NA,NA,NA,NA,NA,NA,NA,NA,NA,"Business Association",NA,NA,NA
"884",884,"EU0885",2.83333333333333,3,1.83333333333333,2,0.4,1,4,2,3,1,1,"Business Association",71,85,15
"885",885,"EU0886",NA,2.71428571428571,NA,1.71428571428571,0,0,NA,NA,3,1,0,"Rest",7,NA,NA
"886",886,"EU0887",NA,NA,NA,NA,NA,NA,NA,NA,NA,NA,NA,"Business Association",NA,NA,NA
"887",887,"EU0888",1.83333333333333,1.42857142857143,0.833333333333333,0.428571428571429,NA,1,4,NA,1,3,0,"Citizen Group",4,100,0
"888",888,"EU0889",2,1.85714285714286,1,0.857142857142857,1,1,4,3,3,1,0,"Business Association",1,80,20
"889",889,"EU0890",1.66666666666667,NA,0.666666666666667,NA,NA,0,NA,NA,3,2,1,"Citizen Group",8,NA,NA
"890",890,"EU0891",NA,NA,NA,NA,NA,NA,NA,NA,NA,NA,NA,"Citizen Group",NA,NA,NA
"891",891,"EU0892",2.5,2.42857142857143,1.5,1.42857142857143,0.6,0,4,2,3,2,1,"Business Association",25,80,20
"892",892,"EU0893",2.5,2.28571428571429,1.5,1.28571428571429,0.2,0,4,2,2,1,1,"Business Association",6,50,50
"893",893,"EU0894",NA,NA,NA,NA,NA,NA,NA,NA,NA,NA,NA,"Business Association",NA,NA,NA
"894",894,"EU0895",NA,NA,NA,NA,NA,NA,NA,NA,NA,NA,NA,"Business Association",NA,NA,NA
"895",895,"EU0896",NA,NA,NA,NA,NA,NA,NA,NA,NA,NA,NA,"Rest",NA,NA,NA
"896",896,"EU0897",3.33333333333333,NA,2.33333333333333,NA,0.8,NA,NA,NA,3,3,1,"Citizen Group",7,NA,NA
